Workbook

Sheet SO Helper Main
Y1: Temp | Z1: Density
B2: TANK DIP & DENSITY CHART | Y2: 20
B3: Bharat Petroleum Corporation Limited : Calicut Territory | L3: L | M3: =VLOOKUP(C5,M12:O28,2,0) -> 3.99 | Y3: 20.5
L4: D | M4: =VLOOKUP(C5,M12:O28,3,0) -> 1.84 | Y4: 21
B5: Select Tankage | C5: 10KL(1.84D) | L5: R | M5: =M4/2 -> 0.92 | Y5: 21.5
B6: =IF(C5="OTHER","",CONCATENATE(" Tank details : Selected Tank has a Dia of ",$M$4," M and a length of ",$M$3," M . Please select OTHER if it doesn't match with your Tank Spec")) -> Tank details : Selected Tank has a Dia of 1.84 M and a length of 3.99 M . Please select OTHER if it doesn't match with your Tank Spec | Y6: 22
B7: =IF(C5="OTHER","Enter the Length and Diameter of the Tank in Meters : ","") | E7: =IF(C5="OTHER","Length:","") | G7: =IF(C5="OTHER","Diameter:","") | Y7: 22.5
L8: H | M8: L | N8: R | O8: H/R | P8: COSalfa=1-H/R | Q8: Alfa | R8: Sin# | S8: Sin#Cos# | T8: F-H | U8: L*R*R*J*1000 | Y8: 23
B9: ENTER DIP IN CM | C9: 64.8 | D9: CM | U9: qty in Lts | Y9: 23.5
L10: =$C$9/100 -> 0.648 | M10: =M3 -> 3.99 | N10: =M5 -> 0.92 | O10: =L10/N10 -> 0.70434783 | P10: =1-O10 -> 0.29565217 | Q10: =ACOS(P10) -> 1.2706582 | R10: =SIN(Q10) -> 0.95529566 | S10: =P10*R10 -> 0.28243524 | T10: =Q10-S10 -> 0.98822295 | U10: =M10*N10*N10*T10*1000 -> 3337.3633 | Y10: 24
B11: TANK STOCK | C11: =$U$10 -> 3337.3633 | D11: LTRS | Y11: 24.5
M12: Tankage | N12: Length | O12: Diameter | Y12: 25
M13: 10 KL | N13: 3.368 | O13: 2 | Y13: 25.5
M14: 15KL(1.84D) | N14: 5.98 | O14: 1.84 | Y14: 26
B15: Enter natural Density | C15: 730 | M15: 15 KL(NEW) | N15: 4.968 | O15: 2 | Y15: 26.5
B16: Enter the Temperature | C16: 31 | M16: 20 OLD | N16: 6 | O16: 2.1 | Y16: 27
B17: Density at 15 Deg | C17: =ASTM_1980_53B_D15!F4 -> 744.3 | M17: 20 NEW | N17: 6.718 | O17: 2 | Y17: 27.5
M18: 8398L | N18: 2.997 | O18: 1.943 | Y18: 28
M19: 9093L | N19: 3.6576 | O19: 1.8288 | Y19: 28.5
M20: 9KL(1.82D) | N20: 3.6576 | O20: 1.8288 | Y20: 29
M21: 9KL(2.88D) | N21: 3.6576 | O21: 2.88 | Y21: 29.5
M22: 10KL(1.84D) | N22: 3.99 | O22: 1.84 | Y22: 30
M23: 10KL(1.90D) | N23: 3.689 | O23: 1.905 | Y23: 30.5
M24: 10KL(1.93D) | N24: 4.1021 | O24: 1.9304 | Y24: 31
M25: 40KL | N25: 7.62 | O25: 2.819 | Y25: 31.5
M26: 45 KL | N26: 8.25 | O26: 2.738 | Y26: 32
M27: 70KL | N27: 13 | O27: 2.738 | Y27: 32.5
M28: OTHER | N28: =$F$7 -> 0 | O28: =$H$7 -> 0 | Y28: 33
Y29: 33.5
Y30: 34
Y31: 34.5
Y32: 35
Y33: 35.5
Y34: 36
Y35: 36.5
Y36: 37
Y37: 37.5
Y38: 38
Y39: 38.5
Y40: 39
... Y63: 50.5

Sheet ASTM_1980_53B_D15
A1: EXTRACT OF ASTM TABLE 53B (1980 EDITION)
A2: Enter natural Density | F2: ='SO Helper Main'!C15 -> 730 | G2: (it supports from 670 to 929)
A3: Enter the Temperature | F3: ='SO Helper Main'!C16 -> 31 | G3: (it supports from 0 to 50 in order of 0.5 deg)
A4: Density at 15 Deg | F4: =INDEX(B7:IV107,C5,B5) -> 744.3
B5: =MATCH(F2,B6:IV6,0) -> 56 | C5: =MATCH(F3,A7:A107,0) -> 63 | D5: 3 | E5: 4 | F5: 5 | G5: 6 | H5: 7 | I5: 8 | J5: 9 | K5: 12 | L5: 16 | M5: 17 | N5: 18 | O5: 19 | P5: 20 | Q5: 21 | R5: 22 | S5: 23 | T5: 24 | U5: 25 | V5: 26 | W5: 27 | X5: 28 | Y5: 29 | Z5: 30 | AA5: 31 | AB5: 32 | AC5: 33 | AD5: 34 | AE5: 35 | AF5: 36 | AG5: 37 | AH5: 38 | AI5: 39 | AJ5: 40 | AK5: 41 | AL5: 42 | AM5: 43 | AN5: 44 | AO5: 45 | AP5: 46 | AQ5: 47 | AR5: 48 | AS5: 49 | AT5: 50 | AU5: 51 | AV5: 52 | AW5: 53 | AX5: 54 | AY5: 55 | AZ5: 56 | BA5: 57 | BB5: 58 | BC5: 59 | BD5: 60 | BE5: 61 | BF5: 62 | BG5: 63 | BH5: 64 | BI5: 65 | BJ5: 66 | BK5: 67 | BL5: 68 | BM5: 69 | BN5: 70 | BO5: 71 | BP5: 72 | BQ5: 73 | BR5: 74 | BS5: 75 | BT5: 76 | BU5: 77 | BV5: 78 | BW5: 79 | BX5: 80 | BY5: 81 | BZ5: 82 | CA5: 83 | CB5: 84 | CC5: 85 | CD5: 86 | CE5: 87 | CF5: 88 | CG5: 89 | CH5: 90 | CI5: 91 | CJ5: 92 | CK5: 93 | CL5: 94 | CM5: 95 | CN5: 96 | CO5: 97 | CP5: 98 | CQ5: 99 | CR5: 100 | CS5: 101 | CT5: 102 | CU5: 103 | CV5: 104 | CW5: 105 | CX5: 106 | CY5: 107 | CZ5: 108 | DA5: 109 | DB5: 110 | DM5: 111 | DN5: 112 | DO5: 113 | DP5: 114 | DQ5: 115 | DR5: 116 | DS5: 117 | DT5: 118 | DU5: 119 | DV5: 120 | DW5: 121 | DX5: 122 | DY5: 123 | DZ5: 124 | EA5: 125 | EB5: 126 | EC5: 127 | ED5: 128 | EE5: 129 | EF5: 130 | EG5: 131 | EH5: 132 | EI5: 133 | EJ5: 134 | EK5: 135 | EL5: 136 | EM5: 137 | EN5: 138 | EO5: 139 | EP5: 140 | EQ5: 141 | ER5: 142 | ES5: 143 | ET5: 144 | EU5: 145 | EV5: 146 | EW5: 147 | EX5: 148 | EY5: 149 | EZ5: 150 | FA5: 151 | FB5: 152 | FC5: 153 | FD5: 154 | FE5: 155 | FF5: 156 | FG5: 157 | FH5: 158 | FI5: 159 | FJ5: 160 | FK5: 161 | FL5: 162 | FM5: 163 | FN5: 164 | FO5: 165 | FP5: 166 | FQ5: 167 | FR5: 168 | FS5: 169 | FT5: 170 | FU5: 171 | FV5: 172 | FW5: 173 | FX5: 174 | FY5: 175 | FZ5: 176 | GA5: 177 | GB5: 178 | GC5: 179 | GD5: 180 | GE5: 181 | GF5: 182 | GG5: 183 | GH5: 184 | GI5: 185 | GJ5: 186 | GK5: 187 | GL5: 188 | GM5: 189 | GN5: 190 | GO5: 191 | GP5: 192 | GQ5: 193 | GR5: 194 | GS5: 195 | GT5: 196 | GU5: 197 | GV5: 198 | GW5: 199 | GX5: 200 | GY5: 201 | GZ5: 202 | HA5: 203 | HB5: 204 | HC5: 205 | HD5: 206 | HE5: 207 | HF5: 208 | HG5: 209 | HH5: 210 | HI5: 211 | HJ5: 212 | HK5: 213 | HL5: 214 | HM5: 215 | HN5: 216 | HO5: 217 | HP5: 218 | HQ5: 219 | HR5: 220 | HS5: 221 | HT5: 222 | HU5: 223 | HV5: 224 | HW5: 225 | HX5: 226 | HY5: 227 | HZ5: 228 | IA5: 229 | IB5: 230 | IC5: 231 | ID5: 232 | IE5: 233 | IF5: 234 | IG5: 235 | IH5: 236 | II5: 237 | IJ5: 238 | IK5: 239 | IL5: 240 | IM5: 241 | IN5: 242 | IO5: 243 | IP5: 244 | IQ5: 245 | IR5: 246 | IS5: 247 | IT5: 248 | IU5: 249 | IV5: 250
B6: 670 | C6: 671 | D6: 672 | E6: 673 | F6: 674 | G6: 675 | H6: 676 | I6: 677 | J6: 678 | K6: 681 | L6: 685 | M6: 686 | N6: 687 | O6: 688 | P6: 689 | Q6: 690 | R6: 691 | S6: 692 | T6: 693 | U6: 694 | V6: 695 | W6: 696 | X6: 697 | Y6: 698 | Z6: 699 | AA6: 700 | AB6: 701 | AC6: 702 | AD6: 703 | AE6: 704 | AF6: 705 | AG6: 706 | AH6: 707 | AI6: 708 | AJ6: 709 | AK6: 710 | AL6: 711 | AM6: 712 | AN6: 713 | AO6: 714 | AP6: 715 | AQ6: 716 | AR6: 717 | AS6: 718 | AT6: 719 | AU6: 720 | AV6: 721 | AW6: 722 | AX6: 723 | AY6: 724 | AZ6: 725 | BA6: 726 | BB6: 727 | BC6: 728 | BD6: 729 | BE6: 730 | BF6: 731 | BG6: 732 | BH6: 733 | BI6: 734 | BJ6: 735 | BK6: 736 | BL6: 737 | BM6: 738 | BN6: 739 | BO6: 740 | BP6: 741 | BQ6: 742 | BR6: 743 | BS6: 744 | BT6: 745 | BU6: 746 | BV6: 747 | BW6: 748 | BX6: 749 | BY6: 750 | BZ6: 751 | CA6: 752 | CB6: 753 | CC6: 754 | CD6: 755 | CE6: 756 | CF6: 757 | CG6: 758 | CH6: 759 | CI6: 760 | CJ6: 761 | CK6: 762 | CL6: 763 | CM6: 764 | CN6: 765 | CO6: 766 | CP6: 767 | CQ6: 768 | CR6: 769 | CS6: 770 | CT6: 771 | CU6: 772 | CV6: 773 | CW6: 774 | CX6: 775 | CY6: 776 | CZ6: 777 | DA6: 778 | DB6: 779 | DC6: 780 | DD6: 781 | DE6: 782 | DF6: 783 | DG6: 784 | DH6: 785 | DI6: 786 | DJ6: 787 | DK6: 788 | DL6: 789 | DM6: 790 | DN6: 791 | DO6: 792 | DP6: 793 | DQ6: 794 | DR6: 795 | DS6: 796 | DT6: 797 | DU6: 798 | DV6: 799 | DW6: 800 | DX6: 801 | DY6: 802 | DZ6: 803 | EA6: 804 | EB6: 805 | EC6: 806 | ED6: 807 | EE6: 808 | EF6: 809 | EG6: 810 | EH6: 811 | EI6: 812 | EJ6: 813 | EK6: 814 | EL6: 815 | EM6: 816 | EN6: 817 | EO6: 818 | EP6: 819 | EQ6: 820 | ER6: 821 | ES6: 822 | ET6: 823 | EU6: 824 | EV6: 825 | EW6: 826 | EX6: 827 | EY6: 828 | EZ6: 829 | FA6: 830 | FB6: 831 | FC6: 832 | FD6: 833 | FE6: 834 | FF6: 835 | FG6: 836 | FH6: 837 | FI6: 838 | FJ6: 839 | FK6: 840 | FL6: 841 | FM6: 842 | FN6: 843 | FO6: 844 | FP6: 845 | FQ6: 846 | FR6: 847 | FS6: 848 | FT6: 849 | FU6: 850 | FV6: 851 | FW6: 852 | FX6: 853 | FY6: 854 | FZ6: 855 | GA6: 856 | GB6: 857 | GC6: 858 | GD6: 859 | GE6: 860 | GF6: 861 | GG6: 862 | GH6: 863 | GI6: 864 | GJ6: 865 | GK6: 866 | GL6: 867 | GM6: 868 | GN6: 869 | GO6: 870 | GP6: 871 | GQ6: 872 | GR6: 873 | GS6: 874 | GT6: 875 | GU6: 876 | GV6: 877 | GW6: 878 | GX6: 879 | GY6: 880 | GZ6: 881 | HA6: 882 | HB6: 883 | HC6: 884 | HD6: 885 | HE6: 886 | HF6: 887 | HG6: 888 | HH6: 889 | HI6: 890 | HJ6: 891 | HK6: 892 | HL6: 893 | HM6: 894 | HN6: 895 | HO6: 896 | HP6: 897 | HQ6: 898 | HR6: 899 | HS6: 900 | HT6: 901 | HU6: 902 | HV6: 903 | HW6: 904 | HX6: 905 | HY6: 906 | HZ6: 907 | IA6: 908 | IB6: 909 | IC6: 910 | ID6: 911 | IE6: 912 | IF6: 913 | IG6: 914 | IH6: 915 | II6: 916 | IJ6: 917 | IK6: 918 | IL6: 919 | IM6: 920 | IN6: 921 | IO6: 922 | IP6: 923 | IQ6: 924 | IR6: 925 | IS6: 926 | IT6: 927 | IU6: 928 | IV6: 929
A7: 0 | B7: 655.8 | C7: 656.8 | D7: 657.9 | E7: 658.9 | F7: 659.9 | G7: 660.9 | H7: 661.9 | I7: 662.9 | J7: 663.9 | K7: 667 | L7: 671 | M7: 672 | N7: 673 | O7: 674 | P7: 675 | Q7: 676.1 | R7: 677.1 | S7: 678.1 | T7: 679.1 | U7: 680.1 | V7: 681.1 | W7: 682.1 | X7: 683.1 | Y7: 684.2 | Z7: 685.2 | AA7: 686.2 | AB7: 687.2 | AC7: 688.2 | AD7: 689.2 | AE7: 690.2 | AF7: 691.2 | AG7: 692.2 | AH7: 693.3 | AI7: 694.3 | AJ7: 695.3 | AK7: 696.3 | AL7: 697.3 | AM7: 698.3 | AN7: 699.3 | AO7: 700.3 | AP7: 701.3 | AQ7: 702.3 | AR7: 703.4 | AS7: 704.4 | AT7: 705.4 | AU7: 706.4 | AV7: 707.4 | AW7: 708.4 | AX7: 709.4 | AY7: 710.4 | AZ7: 711.4 | BA7: 712.5 | BB7: 713.5 | BC7: 714.5 | BD7: 715.5 | BE7: 716.5 | BF7: 717.5 | BG7: 718.5 | BH7: 719.5 | BI7: 720.5 | BJ7: 721.5 | BK7: 722.6 | BL7: 723.6 | BM7: 724.6 | BN7: 725.6 | BO7: 726.6 | BP7: 727.6 | BQ7: 728.6 | BR7: 729.6 | BS7: 730.6 | BT7: 731.6 | BU7: 732.7 | BV7: 733.7 | BW7: 734.7 | BX7: 735.7 | BY7: 736.7 | BZ7: 737.7 | CA7: 738.7 | CB7: 739.7 | CC7: 740.7 | CD7: 741.8 | CE7: 742.8 | CF7: 743.8 | CG7: 744.8 | CH7: 745.8 | CI7: 746.8 | CJ7: 747.8 | CK7: 748.8 | CL7: 749.8 | CM7: 750.8 | CN7: 751.8 | CO7: 752.9 | CP7: 753.9 | CQ7: 754.9 | CR7: 755.9 | CS7: 756.9 | CT7: 757.9 | CU7: 758.9 | CV7: 759.9 | CW7: 760.9 | CX7: 761.9 | CY7: 762.9 | CZ7: 763.9 | DA7: 765 | DB7: 766 | DC7: =DB7+1 -> 767 | DD7: =DC7+1 -> 768 | DE7: =DD7+1 -> 769 | DF7: =DE7+1 -> 770 | DG7: =DF7+1 -> 771 | DH7: =DG7+1 -> 772 | DI7: =DH7+1 -> 773 | DJ7: =DI7+1 -> 774 | ... DL7: =DK7+1 -> 776 | DM7: 777.9 | DN7: 779 | DO7: 780.2 | DP7: 781.3 | DQ7: 782.4 | DR7: 783.5 | DS7: 784.7 | DT7: 785.8 | DU7: 786.9 | DV7: 788 | DW7: 789 | DX7: 790 | DY7: 791 | DZ7: 792.1 | EA7: 793.1 | EB7: 794.1 | EC7: 795.1 | ED7: 796.1 | EE7: 797.1 | EF7: 798.2 | EG7: 799.2 | EH7: 800.2 | EI7: 801.2 | EJ7: 802.2 | EK7: 803.2 | EL7: 804.2 | EM7: 805.3 | EN7: 806.3 | EO7: 807.3 | EP7: 808.3 | EQ7: 809.3 | ER7: 810.3 | ES7: 811.3 | ET7: 812.3 | EU7: 813.4 | EV7: 814.4 | EW7: 815.4 | EX7: 816.4 | EY7: 817.4 | EZ7: 818.4 | FA7: 819.4 | FB7: 820.5 | FC7: 821.5 | FD7: 822.5 | FE7: 823.5 | FF7: 824.5 | FG7: 825.5 | FH7: 826.5 | FI7: 827.6 | FJ7: 828.6 | FK7: 829.6 | FL7: 830.6 | FM7: 831.6 | FN7: 832.6 | FO7: 833.6 | FP7: 834.6 | FQ7: 835.7 | FR7: 836.7 | FS7: 837.7 | FT7: 838.7 | FU7: 839.7 | FV7: 840.7 | FW7: 841.7 | FX7: 842.7 | FY7: 843.7 | FZ7: 844.7 | GA7: 845.7 | GB7: 846.7 | GC7: 847.7 | GD7: 848.7 | GE7: 849.7 | GF7: 850.7 | GG7: 851.7 | GH7: 852.7 | GI7: 853.8 | GJ7: 854.8 | GK7: 855.8 | GL7: 856.8 | GM7: 857.8 | GN7: 858.8 | GO7: 859.8 | GP7: 860.8 | GQ7: 861.8 | GR7: 862.8 | GS7: 863.8 | GT7: 864.8 | GU7: 865.8 | GV7: 866.8 | GW7: 867.8 | GX7: 868.8 | GY7: 869.8 | GZ7: 870.8 | HA7: 871.8 | HB7: 872.8 | HC7: 873.8 | HD7: 874.8 | HE7: 875.8 | HF7: 876.8 | HG7: 877.9 | HH7: 878.9 | HI7: 879.9 | HJ7: 880.9 | HK7: 881.9 | HL7: 882.9 | HM7: 883.9 | HN7: 884.9 | HO7: 885.9 | HP7: 886.9 | HQ7: 887.9 | HR7: 888.9 | HS7: 889.9 | HT7: 890.9 | HU7: 891.9 | HV7: 892.9 | HW7: 893.9 | HX7: 894.9 | HY7: 895.9 | HZ7: 896.9 | IA7: 897.9 | IB7: 898.9 | IC7: 899.9 | ID7: 900.9 | IE7: 901.9 | IF7: 902.9 | IG7: 904 | IH7: 905 | II7: 906 | IJ7: 907 | IK7: 908 | IL7: 909 | IM7: 910 | IN7: 911 | IO7: 912 | IP7: 913 | IQ7: 914 | IR7: 915 | IS7: 916 | IT7: 917 | IU7: 918 | IV7: 919
A8: 0.5 | B8: 656.3 | C8: 657.3 | D8: 658.3 | E8: 659.3 | F8: 660.3 | G8: 661.4 | H8: 662.4 | I8: 663.4 | J8: 664.4 | K8: 667.4 | L8: 671.5 | M8: 672.5 | N8: 673.5 | O8: 674.5 | P8: 675.5 | Q8: 676.5 | R8: 677.5 | S8: 678.6 | T8: 679.6 | U8: 680.6 | V8: 681.6 | W8: 682.6 | X8: 683.6 | Y8: 684.6 | Z8: 685.6 | AA8: 686.6 | AB8: 687.6 | AC8: 688.7 | AD8: 689.7 | AE8: 690.7 | AF8: 691.7 | AG8: 692.7 | AH8: 693.7 | AI8: 694.7 | AJ8: 695.7 | AK8: 696.7 | AL8: 697.8 | AM8: 698.8 | AN8: 699.8 | AO8: 700.8 | AP8: 701.8 | AQ8: 702.8 | AR8: 703.8 | AS8: 704.8 | AT8: 705.8 | AU8: 706.9 | AV8: 707.9 | AW8: 708.9 | AX8: 709.9 | AY8: 710.9 | AZ8: 711.9 | BA8: 712.9 | BB8: 713.9 | BC8: 714.9 | BD8: 715.9 | BE8: 716.9 | BF8: 718 | BG8: 719 | BH8: 720 | BI8: 721 | BJ8: 722 | BK8: 723 | BL8: 724 | BM8: 725 | BN8: 726 | BO8: 727 | BP8: 728.1 | BQ8: 729.1 | BR8: 730.1 | BS8: 731.1 | BT8: 732.1 | BU8: 733.1 | BV8: 734.1 | BW8: 735.1 | BX8: 736.1 | BY8: 737.1 | BZ8: 738.2 | CA8: 739.2 | CB8: 740.2 | CC8: 741.2 | CD8: 742.2 | CE8: 743.2 | CF8: 744.2 | CG8: 745.2 | CH8: 746.2 | CI8: 747.2 | CJ8: 748.2 | CK8: 749.3 | CL8: 750.3 | CM8: 751.3 | CN8: 752.3 | CO8: 753.3 | CP8: 754.3 | CQ8: 755.3 | CR8: 756.3 | CS8: 757.3 | CT8: 758.3 | CU8: 759.3 | CV8: 760.3 | CW8: 761.4 | CX8: 762.4 | CY8: 763.4 | CZ8: 764.4 | DA8: 765.4 | DB8: 766.4 | DC8: =DB8+1 -> 767.4 | DD8: =DC8+1 -> 768.4 | DE8: =DD8+1 -> 769.4 | DF8: =DE8+1 -> 770.4 | DG8: =DF8+1 -> 771.4 | DH8: =DG8+1 -> 772.4 | DI8: =DH8+1 -> 773.4 | DJ8: =DI8+1 -> 774.4 | ... DL8: =DK8+1 -> 776.4 | DM8: 778.3 | DN8: 779.5 | DO8: 780.6 | DP8: 781.7 | DQ8: 782.8 | DR8: 784 | DS8: 785.1 | DT8: 786.2 | DU8: 787.3 | DV8: 788.4 | DW8: 789.4 | DX8: 790.4 | DY8: 791.4 | DZ8: 792.4 | EA8: 793.4 | EB8: 794.5 | EC8: 795.5 | ED8: 796.5 | EE8: 797.5 | EF8: 798.5 | EG8: 799.5 | EH8: 800.5 | EI8: 801.6 | EJ8: 802.6 | EK8: 803.6 | EL8: 804.6 | EM8: 805.6 | EN8: 806.6 | EO8: 807.6 | EP8: 808.7 | EQ8: 809.7 | ER8: 810.7 | ES8: 811.7 | ET8: 812.7 | EU8: 813.7 | EV8: 814.7 | EW8: 815.7 | EX8: 816.8 | EY8: 817.8 | EZ8: 818.8 | FA8: 819.8 | FB8: 820.8 | FC8: 821.8 | FD8: 822.8 | FE8: 823.8 | FF8: 824.9 | FG8: 825.9 | FH8: 826.9 | FI8: 827.9 | FJ8: 828.9 | FK8: 829.9 | FL8: 830.9 | FM8: 832 | FN8: 833 | FO8: 834 | FP8: 835 | FQ8: 836 | FR8: 837 | FS8: 838 | FT8: 839 | FU8: 840 | FV8: 841 | FW8: 842 | FX8: 843.1 | FY8: 844.1 | FZ8: 845.1 | GA8: 846.1 | GB8: 847.1 | GC8: 848.1 | GD8: 849.1 | GE8: 850.1 | GF8: 851.1 | GG8: 852.1 | GH8: 853.1 | GI8: 854.1 | GJ8: 855.1 | GK8: 856.1 | GL8: 857.1 | GM8: 858.1 | GN8: 859.1 | GO8: 860.1 | GP8: 861.1 | GQ8: 862.1 | GR8: 863.1 | GS8: 864.1 | GT8: 865.1 | GU8: 866.1 | GV8: 867.2 | GW8: 868.2 | GX8: 869.2 | GY8: 870.2 | GZ8: 871.2 | HA8: 872.2 | HB8: 873.2 | HC8: 874.2 | HD8: 875.2 | HE8: 876.2 | HF8: 877.2 | HG8: 878.2 | HH8: 879.2 | HI8: 880.2 | HJ8: 881.2 | HK8: 882.2 | HL8: 883.2 | HM8: 884.2 | HN8: 885.2 | HO8: 886.2 | HP8: 887.2 | HQ8: 888.2 | HR8: 889.2 | HS8: 890.2 | HT8: 891.2 | HU8: 892.2 | HV8: 893.2 | HW8: 894.3 | HX8: 895.3 | HY8: 896.3 | HZ8: 897.3 | IA8: 898.3 | IB8: 899.3 | IC8: 900.3 | ID8: 901.3 | IE8: 902.3 | IF8: 903.3 | IG8: 904.3 | IH8: 905.3 | II8: 906.3 | IJ8: 907.3 | IK8: 908.3 | IL8: 909.3 | IM8: 910.3 | IN8: 911.3 | IO8: 912.3 | IP8: 913.3 | IQ8: 914.3 | IR8: 915.3 | IS8: 916.3 | IT8: 917.3 | IU8: 918.3 | IV8: 919.3
A9: 1 | B9: 656.8 | C9: 657.8 | D9: 658.8 | E9: 659.8 | F9: 660.8 | G9: 661.8 | H9: 662.8 | I9: 663.9 | J9: 664.9 | K9: 667.9 | L9: 671.9 | M9: 673 | N9: 674 | O9: 675 | P9: 676 | Q9: 677 | R9: 678 | S9: 679 | T9: 680 | U9: 681 | V9: 682 | W9: 683.1 | X9: 684.1 | Y9: 685.1 | Z9: 686.1 | AA9: 687.1 | AB9: 688.1 | AC9: 689.1 | AD9: 690.1 | AE9: 691.1 | AF9: 692.1 | AG9: 693.2 | AH9: 694.2 | AI9: 695.2 | AJ9: 696.2 | AK9: 697.2 | AL9: 698.2 | AM9: 699.2 | AN9: 700.2 | AO9: 701.2 | AP9: 702.3 | AQ9: 703.3 | AR9: 704.3 | AS9: 705.3 | AT9: 706.3 | AU9: 707.3 | AV9: 708.3 | AW9: 709.3 | AX9: 710.3 | AY9: 711.3 | AZ9: 712.4 | BA9: 713.4 | BB9: 714.4 | BC9: 715.4 | BD9: 716.4 | BE9: 717.4 | BF9: 718.4 | BG9: 719.4 | BH9: 720.4 | BI9: 721.4 | BJ9: 722.4 | BK9: 723.5 | BL9: 724.5 | BM9: 725.5 | BN9: 726.5 | BO9: 727.5 | BP9: 728.5 | BQ9: 729.5 | BR9: 730.5 | BS9: 731.5 | BT9: 732.5 | BU9: 733.6 | BV9: 734.6 | BW9: 735.6 | BX9: 736.6 | BY9: 737.6 | BZ9: 738.6 | CA9: 739.6 | CB9: 740.6 | CC9: 741.6 | CD9: 742.6 | CE9: 743.6 | CF9: 744.7 | CG9: 745.7 | CH9: 746.7 | CI9: 747.7 | CJ9: 748.7 | CK9: 749.7 | CL9: 750.7 | CM9: 751.7 | CN9: 752.7 | CO9: 753.7 | CP9: 754.7 | CQ9: 755.7 | CR9: 756.8 | CS9: 757.8 | CT9: 758.8 | CU9: 759.8 | CV9: 760.8 | CW9: 761.8 | CX9: 762.8 | CY9: 763.8 | CZ9: 764.8 | DA9: 765.8 | DB9: 766.8 | DC9: =DB9+1 -> 767.8 | DD9: =DC9+1 -> 768.8 | DE9: =DD9+1 -> 769.8 | DF9: =DE9+1 -> 770.8 | DG9: =DF9+1 -> 771.8 | DH9: =DG9+1 -> 772.8 | DI9: =DH9+1 -> 773.8 | DJ9: =DI9+1 -> 774.8 | ... DL9: =DK9+1 -> 776.8 | DM9: 778.8 | DN9: 779.9 | DO9: 781 | DP9: 782.1 | DQ9: 783.3 | DR9: 784.4 | DS9: 785.5 | DT9: 786.6 | DU9: 787.7 | DV9: 788.7 | DW9: 789.8 | DX9: 790.8 | DY9: 791.8 | DZ9: 792.8 | EA9: 793.8 | EB9: 794.8 | EC9: 795.8 | ED9: 796.9 | EE9: 797.9 | EF9: 798.9 | EG9: 799.9 | EH9: 800.9 | EI9: 801.9 | EJ9: 802.9 | EK9: 803.9 | EL9: 805 | EM9: 806 | EN9: 807 | EO9: 808 | EP9: 809 | EQ9: 810 | ER9: 811 | ES9: 812.1 | ET9: 813.1 | EU9: 814.1 | EV9: 815.1 | EW9: 816.1 | EX9: 817.1 | EY9: 818.1 | EZ9: 819.1 | FA9: 820.2 | FB9: 821.2 | FC9: 822.2 | FD9: 823.2 | FE9: 824.2 | FF9: 825.2 | FG9: 826.2 | FH9: 827.2 | FI9: 828.3 | FJ9: 829.3 | FK9: 830.3 | FL9: 831.3 | FM9: 832.3 | FN9: 833.3 | FO9: 834.3 | FP9: 835.3 | FQ9: 836.4 | FR9: 837.4 | FS9: 838.4 | FT9: 839.4 | FU9: 840.4 | FV9: 841.4 | FW9: 842.4 | FX9: 843.4 | FY9: 844.4 | FZ9: 845.4 | GA9: 846.4 | GB9: 847.4 | GC9: 848.4 | GD9: 849.4 | GE9: 850.4 | GF9: 851.4 | GG9: 852.4 | GH9: 853.4 | GI9: 854.4 | GJ9: 855.4 | GK9: 856.5 | GL9: 857.5 | GM9: 858.5 | GN9: 859.5 | GO9: 860.5 | GP9: 861.5 | GQ9: 862.5 | GR9: 863.5 | GS9: 864.5 | GT9: 865.5 | GU9: 866.5 | GV9: 867.5 | GW9: 868.5 | GX9: 869.5 | GY9: 870.5 | GZ9: 871.5 | HA9: 872.5 | HB9: 873.5 | HC9: 874.5 | HD9: 875.5 | HE9: 876.5 | HF9: 877.5 | HG9: 878.5 | HH9: 879.5 | HI9: 880.5 | HJ9: 881.5 | HK9: 882.5 | HL9: 883.5 | HM9: 884.5 | HN9: 885.5 | HO9: 886.6 | HP9: 887.6 | HQ9: 888.6 | HR9: 889.6 | HS9: 890.6 | HT9: 891.6 | HU9: 892.6 | HV9: 893.6 | HW9: 894.6 | HX9: 895.6 | HY9: 896.6 | HZ9: 897.6 | IA9: 898.6 | IB9: 899.6 | IC9: 900.6 | ID9: 901.6 | IE9: 902.6 | IF9: 903.6 | IG9: 904.6 | IH9: 905.6 | II9: 906.6 | IJ9: 907.6 | IK9: 908.6 | IL9: 909.6 | IM9: 910.6 | IN9: 911.6 | IO9: 912.6 | IP9: 913.7 | IQ9: 914.7 | IR9: 915.7 | IS9: 916.7 | IT9: 917.7 | IU9: 918.7 | IV9: 919.7
A10: 1.5 | B10: 657.3 | C10: 658.3 | D10: 659.3 | E10: 660.3 | F10: 661.3 | G10: 662.3 | H10: 663.3 | I10: 664.3 | J10: 665.3 | K10: 668.4 | L10: 672.4 | M10: 673.4 | N10: 674.4 | O10: 675.4 | P10: 676.4 | Q10: 677.5 | R10: 678.5 | S10: 679.5 | T10: 680.5 | U10: 681.5 | V10: 682.5 | W10: 683.5 | X10: 684.5 | Y10: 685.5 | Z10: 686.5 | AA10: 687.6 | AB10: 688.6 | AC10: 689.6 | AD10: 690.6 | AE10: 691.6 | AF10: 692.6 | AG10: 693.6 | AH10: 694.6 | AI10: 695.6 | AJ10: 696.7 | AK10: 697.7 | AL10: 698.7 | AM10: 699.7 | AN10: 700.7 | AO10: 701.7 | AP10: 702.7 | AQ10: 703.7 | AR10: 704.7 | AS10: 705.7 | AT10: 706.7 | AU10: 707.8 | AV10: 708.8 | AW10: 709.8 | AX10: 710.8 | AY10: 711.8 | AZ10: 712.8 | BA10: 713.8 | BB10: 714.8 | BC10: 715.8 | BD10: 716.8 | BE10: 717.8 | BF10: 718.9 | BG10: 719.9 | BH10: 720.9 | BI10: 721.9 | BJ10: 722.9 | BK10: 723.9 | BL10: 724.9 | BM10: 725.9 | BN10: 726.9 | BO10: 727.9 | BP10: 729 | BQ10: 730 | BR10: 731 | BS10: 732 | BT10: 733 | BU10: 734 | BV10: 735 | BW10: 736 | BX10: 737 | BY10: 738 | BZ10: 739 | CA10: 740.1 | CB10: 741.1 | CC10: 742.1 | CD10: 743.1 | CE10: 744.1 | CF10: 745.1 | CG10: 746.1 | CH10: 747.1 | CI10: 748.1 | CJ10: 749.1 | CK10: 750.1 | CL10: 751.1 | CM10: 752.1 | CN10: 753.2 | CO10: 754.2 | CP10: 755.2 | CQ10: 756.2 | CR10: 757.2 | CS10: 758.2 | CT10: 759.2 | CU10: 760.2 | CV10: 761.2 | CW10: 762.2 | CX10: 763.2 | CY10: 764.3 | CZ10: 765.3 | DA10: 766.3 | DB10: 767.3 | DC10: =DB10+1 -> 768.3 | DD10: =DC10+1 -> 769.3 | DE10: =DD10+1 -> 770.3 | DF10: =DE10+1 -> 771.3 | DG10: =DF10+1 -> 772.3 | DH10: =DG10+1 -> 773.3 | DI10: =DH10+1 -> 774.3 | DJ10: =DI10+1 -> 775.3 | ... DL10: =DK10+1 -> 777.3 | DM10: 779.2 | DN10: 780.3 | DO10: 781.5 | DP10: 782.6 | DQ10: 783.7 | DR10: 784.8 | DS10: 785.9 | DT10: 787 | DU10: 788.1 | DV10: 789.1 | DW10: 790.1 | DX10: 791.1 | DY10: 792.2 | DZ10: 793.2 | EA10: 794.2 | EB10: 795.2 | EC10: 796.2 | ED10: 797.2 | EE10: 798.2 | EF10: 799.2 | EG10: 800.3 | EH10: 801.3 | EI10: 802.3 | EJ10: 803.3 | EK10: 804.3 | EL10: 805.3 | EM10: 806.3 | EN10: 807.3 | EO10: 808.4 | EP10: 809.4 | EQ10: 810.4 | ER10: 811.4 | ES10: 812.4 | ET10: 813.4 | EU10: 814.4 | EV10: 815.4 | EW10: 816.5 | EX10: 817.5 | EY10: 818.5 | EZ10: 819.5 | FA10: 820.5 | FB10: 821.5 | FC10: 822.5 | FD10: 823.5 | FE10: 824.6 | FF10: 825.6 | FG10: 826.6 | FH10: 827.6 | FI10: 828.6 | FJ10: 829.6 | FK10: 830.6 | FL10: 831.6 | FM10: 832.7 | FN10: 833.7 | FO10: 834.7 | FP10: 835.7 | FQ10: 836.7 | FR10: 837.7 | FS10: 838.7 | FT10: 839.7 | FU10: 840.7 | FV10: 841.7 | FW10: 842.7 | FX10: 843.7 | FY10: 844.7 | FZ10: 845.7 | GA10: 846.7 | GB10: 847.8 | GC10: 848.8 | GD10: 849.8 | GE10: 850.8 | GF10: 851.8 | GG10: 852.8 | GH10: 853.8 | GI10: 854.8 | GJ10: 855.8 | GK10: 856.8 | GL10: 857.8 | GM10: 858.8 | GN10: 859.8 | GO10: 860.8 | GP10: 861.8 | GQ10: 862.8 | GR10: 863.8 | GS10: 864.8 | GT10: 865.8 | GU10: 866.8 | GV10: 867.8 | GW10: 868.8 | GX10: 869.8 | GY10: 870.8 | GZ10: 871.8 | HA10: 872.8 | HB10: 873.8 | HC10: 874.9 | HD10: 875.9 | HE10: 876.9 | HF10: 877.9 | HG10: 878.9 | HH10: 879.9 | HI10: 880.9 | HJ10: 881.9 | HK10: 882.9 | HL10: 883.9 | HM10: 884.9 | HN10: 885.9 | HO10: 886.9 | HP10: 887.9 | HQ10: 888.9 | HR10: 889.9 | HS10: 890.9 | HT10: 891.9 | HU10: 892.9 | HV10: 893.9 | HW10: 894.9 | HX10: 895.9 | HY10: 896.9 | HZ10: 897.9 | IA10: 898.9 | IB10: 899.9 | IC10: 900.9 | ID10: 901.9 | IE10: 903 | IF10: 904 | IG10: 905 | IH10: 906 | II10: 907 | IJ10: 908 | IK10: 909 | IL10: 910 | IM10: 911 | IN10: 912 | IO10: 913 | IP10: 914 | IQ10: 915 | IR10: 916 | IS10: 917 | IT10: 918 | IU10: 919 | IV10: 920
A11: 2 | B11: 657.7 | C11: 658.7 | D11: 659.7 | E11: 660.8 | F11: 661.8 | G11: 662.8 | H11: 663.8 | I11: 664.8 | J11: 665.8 | K11: 668.8 | L11: 672.9 | M11: 673.9 | N11: 674.9 | O11: 675.9 | P11: 676.9 | Q11: 677.9 | R11: 678.9 | S11: 679.9 | T11: 681 | U11: 682 | V11: 683 | W11: 684 | X11: 685 | Y11: 686 | Z11: 687 | AA11: 688 | AB11: 689 | AC11: 690 | AD11: 691.1 | AE11: 692.1 | AF11: 693.1 | AG11: 694.1 | AH11: 695.1 | AI11: 696.1 | AJ11: 697.1 | AK11: 698.1 | AL11: 699.1 | AM11: 700.1 | AN11: 701.1 | AO11: 702.2 | AP11: 703.2 | AQ11: 704.2 | AR11: 705.2 | AS11: 706.2 | AT11: 707.2 | AU11: 708.2 | AV11: 709.2 | AW11: 710.2 | AX11: 711.2 | AY11: 712.2 | AZ11: 713.3 | BA11: 714.3 | BB11: 715.3 | BC11: 716.3 | BD11: 717.3 | BE11: 718.3 | BF11: 719.3 | BG11: 720.3 | BH11: 721.3 | BI11: 722.3 | BJ11: 723.4 | BK11: 724.4 | BL11: 725.4 | BM11: 726.4 | BN11: 727.4 | BO11: 728.4 | BP11: 729.4 | BQ11: 730.4 | BR11: 731.4 | BS11: 732.4 | BT11: 733.4 | BU11: 734.4 | BV11: 735.5 | BW11: 736.5 | BX11: 737.5 | BY11: 738.5 | BZ11: 739.5 | CA11: 740.5 | CB11: 741.5 | CC11: 742.5 | CD11: 743.5 | CE11: 744.5 | CF11: 745.5 | CG11: 746.5 | CH11: 747.5 | CI11: 748.6 | CJ11: 749.6 | CK11: 750.6 | CL11: 751.6 | CM11: 752.6 | CN11: 753.6 | CO11: 754.6 | CP11: 755.6 | CQ11: 756.6 | CR11: 757.6 | CS11: 758.6 | CT11: 759.7 | CU11: 760.7 | CV11: 761.7 | CW11: 762.7 | CX11: 763.7 | CY11: 764.7 | CZ11: 765.7 | DA11: 766.7 | DB11: 767.7 | DC11: =DB11+1 -> 768.7 | DD11: =DC11+1 -> 769.7 | DE11: =DD11+1 -> 770.7 | DF11: =DE11+1 -> 771.7 | DG11: =DF11+1 -> 772.7 | DH11: =DG11+1 -> 773.7 | DI11: =DH11+1 -> 774.7 | DJ11: =DI11+1 -> 775.7 | ... DL11: =DK11+1 -> 777.7 | DM11: 779.7 | DN11: 780.8 | DO11: 781.9 | DP11: 783 | DQ11: 784.1 | DR11: 785.2 | DS11: 786.3 | DT11: 787.5 | DU11: 788.5 | DV11: 789.5 | DW11: 790.5 | DX11: 791.5 | DY11: 792.5 | DZ11: 793.5 | EA11: 794.5 | EB11: 795.6 | EC11: 796.6 | ED11: 797.6 | EE11: 798.6 | EF11: 799.6 | EG11: 800.6 | EH11: 801.6 | EI11: 802.6 | EJ11: 803.7 | EK11: 804.7 | EL11: 805.7 | EM11: 806.7 | EN11: 807.7 | EO11: 808.7 | EP11: 809.7 | EQ11: 810.7 | ER11: 811.8 | ES11: 812.8 | ET11: 813.8 | EU11: 814.8 | EV11: 815.8 | EW11: 816.8 | EX11: 817.8 | EY11: 818.8 | EZ11: 819.9 | FA11: 820.9 | FB11: 821.9 | FC11: 822.9 | FD11: 823.9 | FE11: 824.9 | FF11: 825.9 | FG11: 826.9 | FH11: 827.9 | FI11: 829 | FJ11: 830 | FK11: 831 | FL11: 832 | FM11: 833 | FN11: 834 | FO11: 835 | FP11: 836 | FQ11: 837 | FR11: 838.1 | FS11: 839.1 | FT11: 840.1 | FU11: 841.1 | FV11: 842.1 | FW11: 843.1 | FX11: 844.1 | FY11: 845.1 | FZ11: 846.1 | GA11: 847.1 | GB11: 848.1 | GC11: 849.1 | GD11: 850.1 | GE11: 851.1 | GF11: 852.1 | GG11: 853.1 | GH11: 854.1 | GI11: 855.1 | GJ11: 856.1 | GK11: 857.1 | GL11: 858.1 | GM11: 859.1 | GN11: 860.1 | GO11: 861.1 | GP11: 862.1 | GQ11: 863.2 | GR11: 864.2 | GS11: 865.2 | GT11: 866.2 | GU11: 867.2 | GV11: 868.2 | GW11: 869.2 | GX11: 870.2 | GY11: 871.2 | GZ11: 872.2 | HA11: 873.2 | HB11: 874.2 | HC11: 875.2 | HD11: 876.2 | HE11: 877.2 | HF11: 878.2 | HG11: 879.2 | HH11: 880.2 | HI11: 881.2 | HJ11: 882.2 | HK11: 883.2 | HL11: 884.2 | HM11: 885.2 | HN11: 886.2 | HO11: 887.2 | HP11: 888.2 | HQ11: 889.2 | HR11: 890.2 | HS11: 891.3 | HT11: 892.3 | HU11: 893.3 | HV11: 894.3 | HW11: 895.3 | HX11: 896.3 | HY11: 897.3 | HZ11: 898.3 | IA11: 899.3 | IB11: 900.3 | IC11: 901.3 | ID11: 902.3 | IE11: 903.3 | IF11: 904.3 | IG11: 905.3 | IH11: 906.3 | II11: 907.3 | IJ11: 908.3 | IK11: 909.3 | IL11: 910.3 | IM11: 911.3 | IN11: 912.3 | IO11: 913.3 | IP11: 914.3 | IQ11: 915.3 | IR11: 916.3 | IS11: 917.3 | IT11: 918.3 | IU11: 919.3 | IV11: 920.3
A12: 2.5 | B12: 658.2 | C12: 659.2 | D12: 660.2 | E12: 661.2 | F12: 662.2 | G12: 663.2 | H12: 664.3 | I12: 665.3 | J12: 666.3 | K12: 669.3 | L12: 673.3 | M12: 674.4 | N12: 675.4 | O12: 676.4 | P12: 677.4 | Q12: 678.4 | R12: 679.4 | S12: 680.4 | T12: 681.4 | U12: 682.4 | V12: 683.4 | W12: 684.5 | X12: 685.5 | Y12: 686.5 | Z12: 687.5 | AA12: 688.5 | AB12: 689.5 | AC12: 690.5 | AD12: 691.5 | AE12: 692.5 | AF12: 693.5 | AG12: 694.5 | AH12: 695.6 | AI12: 696.6 | AJ12: 697.6 | AK12: 698.6 | AL12: 699.6 | AM12: 700.6 | AN12: 701.6 | AO12: 702.6 | AP12: 703.6 | AQ12: 704.6 | AR12: 705.6 | AS12: 706.6 | AT12: 707.7 | AU12: 708.7 | AV12: 709.7 | AW12: 710.7 | AX12: 711.7 | AY12: 712.7 | AZ12: 713.7 | BA12: 714.7 | BB12: 715.7 | BC12: 716.7 | BD12: 717.7 | BE12: 718.8 | BF12: 719.8 | BG12: 720.8 | BH12: 721.8 | BI12: 722.8 | BJ12: 723.8 | BK12: 724.8 | BL12: 725.8 | BM12: 726.8 | BN12: 727.8 | BO12: 728.8 | BP12: 729.8 | BQ12: 730.9 | BR12: 731.9 | BS12: 732.9 | BT12: 733.9 | BU12: 734.9 | BV12: 735.9 | BW12: 736.9 | BX12: 737.9 | BY12: 738.9 | BZ12: 739.9 | CA12: 740.9 | CB12: 741.9 | CC12: 742.9 | CD12: 744 | CE12: 745 | CF12: 746 | CG12: 747 | CH12: 748 | CI12: 749 | CJ12: 750 | CK12: 751 | CL12: 752 | CM12: 753 | CN12: 754 | CO12: 755.1 | CP12: 756.1 | CQ12: 757.1 | CR12: 758.1 | CS12: 759.1 | CT12: 760.1 | CU12: 761.1 | CV12: 762.1 | CW12: 763.1 | CX12: 764.1 | CY12: 765.1 | CZ12: 766.1 | DA12: 767.1 | DB12: 768.1 | DC12: =DB12+1 -> 769.1 | DD12: =DC12+1 -> 770.1 | DE12: =DD12+1 -> 771.1 | DF12: =DE12+1 -> 772.1 | DG12: =DF12+1 -> 773.1 | DH12: =DG12+1 -> 774.1 | DI12: =DH12+1 -> 775.1 | DJ12: =DI12+1 -> 776.1 | ... DL12: =DK12+1 -> 778.1 | DM12: 780.1 | DN12: 781.2 | DO12: 782.3 | DP12: 783.4 | DQ12: 784.5 | DR12: 785.6 | DS12: 786.8 | DT12: 787.8 | DU12: 788.8 | DV12: 789.9 | DW12: 790.9 | DX12: 791.9 | DY12: 792.9 | DZ12: 793.9 | EA12: 794.9 | EB12: 795.9 | EC12: 796.9 | ED12: 797.9 | EE12: 799 | EF12: 800 | EG12: 801 | EH12: 802 | EI12: 803 | EJ12: 804 | EK12: 805 | EL12: 806 | EM12: 807.1 | EN12: 808.1 | EO12: 809.1 | EP12: 810.1 | EQ12: 811.1 | ER12: 812.1 | ES12: 813.1 | ET12: 814.1 | EU12: 815.1 | EV12: 816.2 | EW12: 817.2 | EX12: 818.2 | EY12: 819.2 | EZ12: 820.2 | FA12: 821.2 | FB12: 822.2 | FC12: 823.2 | FD12: 824.3 | FE12: 825.3 | FF12: 826.3 | FG12: 827.3 | FH12: 828.3 | FI12: 829.3 | FJ12: 830.3 | FK12: 831.3 | FL12: 832.3 | FM12: 833.4 | FN12: 834.4 | FO12: 835.4 | FP12: 836.4 | FQ12: 837.4 | FR12: 838.4 | FS12: 839.4 | FT12: 840.4 | FU12: 841.4 | FV12: 842.4 | FW12: 843.4 | FX12: 844.4 | FY12: 845.4 | FZ12: 846.4 | GA12: 847.4 | GB12: 848.4 | GC12: 849.4 | GD12: 850.4 | GE12: 851.4 | GF12: 852.4 | GG12: 853.5 | GH12: 854.5 | GI12: 855.5 | GJ12: 856.5 | GK12: 857.5 | GL12: 858.5 | GM12: 859.5 | GN12: 860.5 | GO12: 861.5 | GP12: 862.5 | GQ12: 863.5 | GR12: 864.5 | GS12: 865.5 | GT12: 866.5 | GU12: 867.5 | GV12: 868.5 | GW12: 869.5 | GX12: 870.5 | GY12: 871.5 | GZ12: 872.5 | HA12: 873.5 | HB12: 874.5 | HC12: 875.5 | HD12: 876.5 | HE12: 877.5 | HF12: 878.5 | HG12: 879.5 | HH12: 880.5 | HI12: 881.5 | HJ12: 882.5 | HK12: 883.6 | HL12: 884.6 | HM12: 885.6 | HN12: 886.6 | HO12: 887.6 | HP12: 888.6 | HQ12: 889.6 | HR12: 890.6 | HS12: 891.6 | HT12: 892.6 | HU12: 893.6 | HV12: 894.6 | HW12: 895.6 | HX12: 896.6 | HY12: 897.6 | HZ12: 898.6 | IA12: 899.6 | IB12: 900.6 | IC12: 901.6 | ID12: 902.6 | IE12: 903.6 | IF12: 904.6 | IG12: 905.6 | IH12: 906.6 | II12: 907.6 | IJ12: 908.6 | IK12: 909.6 | IL12: 910.6 | IM12: 911.6 | IN12: 912.6 | IO12: 913.6 | IP12: 914.7 | IQ12: 915.7 | IR12: 916.7 | IS12: 917.7 | IT12: 918.7 | IU12: 919.7 | IV12: 920.7
A13: 3 | B13: 658.7 | C13: 659.7 | D13: 660.7 | E13: 661.7 | F13: 662.7 | G13: 663.7 | H13: 664.7 | I13: 665.7 | J13: 666.8 | K13: 669.8 | L13: 673.8 | M13: 674.8 | N13: 675.8 | O13: 676.8 | P13: 677.9 | Q13: 678.9 | R13: 679.9 | S13: 680.9 | T13: 681.9 | U13: 682.9 | V13: 683.9 | W13: 684.9 | X13: 685.9 | Y13: 686.9 | Z13: 687.9 | AA13: 688.9 | AB13: 690 | AC13: 691 | AD13: 692 | AE13: 693 | AF13: 694 | AG13: 695 | AH13: 696 | AI13: 697 | AJ13: 698 | AK13: 699 | AL13: 700 | AM13: 701.1 | AN13: 702.1 | AO13: 703.1 | AP13: 704.1 | AQ13: 705.1 | AR13: 706.1 | AS13: 707.1 | AT13: 708.1 | AU13: 709.1 | AV13: 710.1 | AW13: 711.1 | AX13: 712.2 | AY13: 713.2 | AZ13: 714.2 | BA13: 715.2 | BB13: 716.2 | BC13: 717.2 | BD13: 718.2 | BE13: 719.2 | BF13: 720.2 | BG13: 721.2 | BH13: 722.2 | BI13: 723.2 | BJ13: 724.2 | BK13: 725.3 | BL13: 726.3 | BM13: 727.3 | BN13: 728.3 | BO13: 729.3 | BP13: 730.3 | BQ13: 731.3 | BR13: 732.3 | BS13: 733.3 | BT13: 734.3 | BU13: 735.3 | BV13: 736.3 | BW13: 737.3 | BX13: 738.4 | BY13: 739.4 | BZ13: 740.4 | CA13: 741.4 | CB13: 742.4 | CC13: 743.4 | CD13: 744.4 | CE13: 745.4 | CF13: 746.4 | CG13: 747.4 | CH13: 748.4 | CI13: 749.4 | CJ13: 750.5 | CK13: 751.5 | CL13: 752.5 | CM13: 753.5 | CN13: 754.5 | CO13: 755.5 | CP13: 756.5 | CQ13: 757.5 | CR13: 758.5 | CS13: 759.5 | CT13: 760.5 | CU13: 761.5 | CV13: 762.5 | CW13: 763.5 | CX13: 764.6 | CY13: 765.6 | CZ13: 766.6 | DA13: 767.6 | DB13: 768.6 | DC13: =DB13+1 -> 769.6 | DD13: =DC13+1 -> 770.6 | DE13: =DD13+1 -> 771.6 | DF13: =DE13+1 -> 772.6 | DG13: =DF13+1 -> 773.6 | DH13: =DG13+1 -> 774.6 | DI13: =DH13+1 -> 775.6 | DJ13: =DI13+1 -> 776.6 | ... DL13: =DK13+1 -> 778.6 | DM13: 780.6 | DN13: 781.7 | DO13: 782.8 | DP13: 783.9 | DQ13: 785 | DR13: 786.1 | DS13: 787.2 | DT13: 788.2 | DU13: 789.2 | DV13: 790.2 | DW13: 791.2 | DX13: 792.2 | DY13: 793.3 | DZ13: 794.3 | EA13: 795.3 | EB13: 796.3 | EC13: 797.3 | ED13: 798.3 | EE13: 799.3 | EF13: 800.3 | EG13: 801.3 | EH13: 802.4 | EI13: 803.4 | EJ13: 804.4 | EK13: 805.4 | EL13: 806.4 | EM13: 807.4 | EN13: 808.4 | EO13: 809.4 | EP13: 810.4 | EQ13: 811.5 | ER13: 812.5 | ES13: 813.5 | ET13: 814.5 | EU13: 815.5 | EV13: 816.5 | EW13: 817.5 | EX13: 818.5 | EY13: 819.6 | EZ13: 820.6 | FA13: 821.6 | FB13: 822.6 | FC13: 823.6 | FD13: 824.6 | FE13: 825.6 | FF13: 826.6 | FG13: 827.6 | FH13: 828.6 | FI13: 829.7 | FJ13: 830.7 | FK13: 831.7 | FL13: 832.7 | FM13: 833.7 | FN13: 834.7 | FO13: 835.7 | FP13: 836.7 | FQ13: 837.7 | FR13: 838.7 | FS13: 839.8 | FT13: 840.8 | FU13: 841.8 | FV13: 842.8 | FW13: 843.8 | FX13: 844.8 | FY13: 845.8 | FZ13: 846.8 | GA13: 847.8 | GB13: 848.8 | GC13: 849.8 | GD13: 850.8 | GE13: 851.8 | GF13: 852.8 | GG13: 853.8 | GH13: 854.8 | GI13: 855.8 | GJ13: 856.8 | GK13: 857.8 | GL13: 858.8 | GM13: 859.8 | GN13: 860.8 | GO13: 861.8 | GP13: 862.8 | GQ13: 863.8 | GR13: 864.8 | GS13: 865.8 | GT13: 866.8 | GU13: 867.8 | GV13: 868.8 | GW13: 869.9 | GX13: 870.9 | GY13: 871.9 | GZ13: 872.9 | HA13: 873.9 | HB13: 874.9 | HC13: 875.9 | HD13: 876.9 | HE13: 877.9 | HF13: 878.9 | HG13: 879.9 | HH13: 880.9 | HI13: 881.9 | HJ13: 882.9 | HK13: 883.9 | HL13: 884.9 | HM13: 885.9 | HN13: 886.9 | HO13: 887.9 | HP13: 888.9 | HQ13: 889.9 | HR13: 890.9 | HS13: 891.9 | HT13: 892.9 | HU13: 893.9 | HV13: 894.9 | HW13: 895.9 | HX13: 896.9 | HY13: 897.9 | HZ13: 898.9 | IA13: 899.9 | IB13: 900.9 | IC13: 902 | ID13: 903 | IE13: 904 | IF13: 905 | IG13: 906 | IH13: 907 | II13: 908 | IJ13: 909 | IK13: 910 | IL13: 911 | IM13: 912 | IN13: 913 | IO13: 914 | IP13: 915 | IQ13: 916 | IR13: 917 | IS13: 918 | IT13: 919 | IU13: 920 | IV13: 921
A14: 3.5 | B14: 659.1 | C14: 660.2 | D14: 661.2 | E14: 662.2 | F14: 663.2 | G14: 664.2 | H14: 665.2 | I14: 666.2 | J14: 667.2 | K14: 670.2 | L14: 674.3 | M14: 675.3 | N14: 676.3 | O14: 677.3 | P14: 678.3 | Q14: 679.3 | R14: 680.3 | S14: 681.3 | T14: 682.3 | U14: 683.4 | V14: 684.4 | W14: 685.4 | X14: 686.4 | Y14: 687.4 | Z14: 688.4 | AA14: 689.4 | AB14: 690.4 | AC14: 691.4 | AD14: 692.4 | AE14: 693.4 | AF14: 694.4 | AG14: 695.5 | AH14: 696.5 | AI14: 697.5 | AJ14: 698.5 | AK14: 699.5 | AL14: 700.5 | AM14: 701.5 | AN14: 702.5 | AO14: 703.5 | AP14: 704.5 | AQ14: 705.5 | AR14: 706.6 | AS14: 707.6 | AT14: 708.6 | AU14: 709.6 | AV14: 710.6 | AW14: 711.6 | AX14: 712.6 | AY14: 713.6 | AZ14: 714.6 | BA14: 715.6 | BB14: 716.6 | BC14: 717.6 | BD14: 718.6 | BE14: 719.7 | BF14: 720.7 | BG14: 721.7 | BH14: 722.7 | BI14: 723.7 | BJ14: 724.7 | BK14: 725.7 | BL14: 726.7 | BM14: 727.7 | BN14: 728.7 | BO14: 729.7 | BP14: 730.7 | BQ14: 731.7 | BR14: 732.8 | BS14: 733.8 | BT14: 734.8 | BU14: 735.8 | BV14: 736.8 | BW14: 737.8 | BX14: 738.8 | BY14: 739.8 | BZ14: 740.8 | CA14: 741.8 | CB14: 742.8 | CC14: 743.8 | CD14: 744.9 | CE14: 745.9 | CF14: 746.9 | CG14: 747.9 | CH14: 748.9 | CI14: 749.9 | CJ14: 750.9 | CK14: 751.9 | CL14: 752.9 | CM14: 753.9 | CN14: 754.9 | CO14: 755.9 | CP14: 756.9 | CQ14: 757.9 | CR14: 758.9 | CS14: 760 | CT14: 761 | CU14: 762 | CV14: 763 | CW14: 764 | CX14: 765 | CY14: 766 | CZ14: 767 | DA14: 768 | DB14: 769 | DC14: =DB14+1 -> 770 | DD14: =DC14+1 -> 771 | DE14: =DD14+1 -> 772 | DF14: =DE14+1 -> 773 | DG14: =DF14+1 -> 774 | DH14: =DG14+1 -> 775 | DI14: =DH14+1 -> 776 | DJ14: =DI14+1 -> 777 | ... DL14: =DK14+1 -> 779 | DM14: 781 | DN14: 782.1 | DO14: 783.2 | DP14: 784.3 | DQ14: 785.4 | DR14: 786.5 | DS14: 787.6 | DT14: 788.6 | DU14: 789.6 | DV14: 790.6 | DW14: 791.6 | DX14: 792.6 | DY14: 793.6 | DZ14: 794.6 | EA14: 795.6 | EB14: 796.7 | EC14: 797.7 | ED14: 798.7 | EE14: 799.7 | EF14: 800.7 | EG14: 801.7 | EH14: 802.7 | EI14: 803.7 | EJ14: 804.7 | EK14: 805.8 | EL14: 806.8 | EM14: 807.8 | EN14: 808.8 | EO14: 809.8 | EP14: 810.8 | EQ14: 811.8 | ER14: 812.8 | ES14: 813.8 | ET14: 814.9 | EU14: 815.9 | EV14: 816.9 | EW14: 817.9 | EX14: 818.9 | EY14: 819.9 | EZ14: 820.9 | FA14: 821.9 | FB14: 822.9 | FC14: 823.9 | FD14: 825 | FE14: 826 | FF14: 827 | FG14: 828 | FH14: 829 | FI14: 830 | FJ14: 831 | FK14: 832 | FL14: 833 | FM14: 834 | FN14: 835.1 | FO14: 836.1 | FP14: 837.1 | FQ14: 838.1 | FR14: 839.1 | FS14: 840.1 | FT14: 841.1 | FU14: 842.1 | FV14: 843.1 | FW14: 844.1 | FX14: 845.1 | FY14: 846.1 | FZ14: 847.1 | GA14: 848.1 | GB14: 849.1 | GC14: 850.1 | GD14: 851.1 | GE14: 852.1 | GF14: 853.1 | GG14: 854.1 | GH14: 855.1 | GI14: 856.2 | GJ14: 857.2 | GK14: 858.2 | GL14: 859.2 | GM14: 860.2 | GN14: 861.2 | GO14: 862.2 | GP14: 863.2 | GQ14: 864.2 | GR14: 865.2 | GS14: 866.2 | GT14: 867.2 | GU14: 868.2 | GV14: 869.2 | GW14: 870.2 | GX14: 871.2 | GY14: 872.2 | GZ14: 873.2 | HA14: 874.2 | HB14: 875.2 | HC14: 876.2 | HD14: 877.2 | HE14: 878.2 | HF14: 879.2 | HG14: 880.2 | HH14: 881.2 | HI14: 882.2 | HJ14: 883.2 | HK14: 884.2 | HL14: 885.2 | HM14: 886.2 | HN14: 887.2 | HO14: 888.2 | HP14: 889.2 | HQ14: 890.3 | HR14: 891.3 | HS14: 892.3 | HT14: 893.3 | HU14: 894.3 | HV14: 895.3 | HW14: 896.3 | HX14: 897.3 | HY14: 898.3 | HZ14: 899.3 | IA14: 900.3 | IB14: 901.3 | IC14: 902.3 | ID14: 903.3 | IE14: 904.3 | IF14: 905.3 | IG14: 906.3 | IH14: 907.3 | II14: 908.3 | IJ14: 909.3 | IK14: 910.3 | IL14: 911.3 | IM14: 912.3 | IN14: 913.3 | IO14: 914.3 | IP14: 915.3 | IQ14: 916.3 | IR14: 917.3 | IS14: 918.3 | IT14: 919.3 | IU14: 920.3 | IV14: 921.3
A15: 4 | B15: 659.6 | C15: 660.6 | D15: 661.6 | E15: 662.6 | F15: 663.7 | G15: 664.7 | H15: 665.7 | I15: 666.7 | J15: 667.7 | K15: 670.7 | L15: 674.7 | M15: 675.8 | N15: 676.8 | O15: 677.8 | P15: 678.8 | Q15: 679.8 | R15: 680.8 | S15: 681.8 | T15: 682.8 | U15: 683.8 | V15: 684.8 | W15: 685.8 | X15: 686.8 | Y15: 687.9 | Z15: 688.9 | AA15: 689.9 | AB15: 690.9 | AC15: 691.9 | AD15: 692.9 | AE15: 693.9 | AF15: 694.9 | AG15: 695.9 | AH15: 696.9 | AI15: 697.9 | AJ15: 698.9 | AK15: 700 | AL15: 701 | AM15: 702 | AN15: 703 | AO15: 704 | AP15: 705 | AQ15: 706 | AR15: 707 | AS15: 708 | AT15: 709 | AU15: 710 | AV15: 711 | AW15: 712 | AX15: 713.1 | AY15: 714.1 | AZ15: 715.1 | BA15: 716.1 | BB15: 717.1 | BC15: 718.1 | BD15: 719.1 | BE15: 720.1 | BF15: 721.1 | BG15: 722.1 | BH15: 723.1 | BI15: 724.1 | BJ15: 725.1 | BK15: 726.1 | BL15: 727.2 | BM15: 728.2 | BN15: 729.2 | BO15: 730.2 | BP15: 731.2 | BQ15: 732.2 | BR15: 733.2 | BS15: 734.2 | BT15: 735.2 | BU15: 736.2 | BV15: 737.2 | BW15: 738.2 | BX15: 739.3 | BY15: 740.3 | BZ15: 741.3 | CA15: 742.3 | CB15: 743.3 | CC15: 744.3 | CD15: 745.3 | CE15: 746.3 | CF15: 747.3 | CG15: 748.3 | CH15: 749.3 | CI15: 750.3 | CJ15: 751.3 | CK15: 752.3 | CL15: 753.3 | CM15: 754.4 | CN15: 755.4 | CO15: 756.4 | CP15: 757.4 | CQ15: 758.4 | CR15: 759.4 | CS15: 760.4 | CT15: 761.4 | CU15: 762.4 | CV15: 763.4 | CW15: 764.4 | CX15: 765.4 | CY15: 766.4 | CZ15: 767.4 | DA15: 768.5 | DB15: 769.5 | DC15: =DB15+1 -> 770.5 | DD15: =DC15+1 -> 771.5 | DE15: =DD15+1 -> 772.5 | DF15: =DE15+1 -> 773.5 | DG15: =DF15+1 -> 774.5 | DH15: =DG15+1 -> 775.5 | DI15: =DH15+1 -> 776.5 | DJ15: =DI15+1 -> 777.5 | ... DL15: =DK15+1 -> 779.5 | DM15: 781.4 | DN15: 782.5 | DO15: 783.6 | DP15: 784.7 | DQ15: 785.8 | DR15: 786.9 | DS15: 787.9 | DT15: 788.9 | DU15: 789.9 | DV15: 791 | DW15: 792 | DX15: 793 | DY15: 794 | DZ15: 795 | EA15: 796 | EB15: 797 | EC15: 798 | ED15: 799 | EE15: 800.1 | EF15: 801.1 | EG15: 802.1 | EH15: 803.1 | EI15: 804.1 | EJ15: 805.1 | EK15: 806.1 | EL15: 807.1 | EM15: 808.1 | EN15: 809.1 | EO15: 810.2 | EP15: 811.2 | EQ15: 812.2 | ER15: 813.2 | ES15: 814.2 | ET15: 815.2 | EU15: 816.2 | EV15: 817.2 | EW15: 818.2 | EX15: 819.3 | EY15: 820.3 | EZ15: 821.3 | FA15: 822.3 | FB15: 823.3 | FC15: 824.3 | FD15: 825.3 | FE15: 826.3 | FF15: 827.3 | FG15: 828.3 | FH15: 829.3 | FI15: 830.4 | FJ15: 831.4 | FK15: 832.4 | FL15: 833.4 | FM15: 834.4 | FN15: 835.4 | FO15: 836.4 | FP15: 837.4 | FQ15: 838.4 | FR15: 839.4 | FS15: 840.4 | FT15: 841.4 | FU15: 842.4 | FV15: 843.4 | FW15: 844.4 | FX15: 845.5 | FY15: 846.5 | FZ15: 847.5 | GA15: 848.5 | GB15: 849.5 | GC15: 850.5 | GD15: 851.5 | GE15: 852.5 | GF15: 853.5 | GG15: 854.5 | GH15: 855.5 | GI15: 856.5 | GJ15: 857.5 | GK15: 858.5 | GL15: 859.5 | GM15: 860.5 | GN15: 861.5 | GO15: 862.5 | GP15: 863.5 | GQ15: 864.5 | GR15: 865.5 | GS15: 866.5 | GT15: 867.5 | GU15: 868.5 | GV15: 869.5 | GW15: 870.5 | GX15: 871.5 | GY15: 872.5 | GZ15: 873.5 | HA15: 874.5 | HB15: 875.5 | HC15: 876.5 | HD15: 877.5 | HE15: 878.6 | HF15: 879.6 | HG15: 880.6 | HH15: 881.6 | HI15: 882.6 | HJ15: 883.6 | HK15: 884.6 | HL15: 885.6 | HM15: 886.6 | HN15: 887.6 | HO15: 888.6 | HP15: 889.6 | HQ15: 890.6 | HR15: 891.6 | HS15: 892.6 | HT15: 893.6 | HU15: 894.6 | HV15: 895.6 | HW15: 896.6 | HX15: 897.6 | HY15: 898.6 | HZ15: 899.6 | IA15: 900.6 | IB15: 901.6 | IC15: 902.6 | ID15: 903.6 | IE15: 904.6 | IF15: 905.6 | IG15: 906.6 | IH15: 907.6 | II15: 908.6 | IJ15: 909.6 | IK15: 910.6 | IL15: 911.6 | IM15: 912.6 | IN15: 913.7 | IO15: 914.7 | IP15: 915.7 | IQ15: 916.7 | IR15: 917.7 | IS15: 918.7 | IT15: 919.7 | IU15: 920.7 | IV15: 921.7
A16: 4.5 | B16: 660.1 | C16: 661.1 | D16: 662.1 | E16: 663.1 | F16: 664.1 | G16: 665.1 | H16: 666.1 | I16: 667.1 | J16: 668.2 | K16: 671.2 | L16: 675.2 | M16: 676.2 | N16: 677.2 | O16: 678.2 | P16: 679.2 | Q16: 680.3 | R16: 681.3 | S16: 682.3 | T16: 683.3 | U16: 684.3 | V16: 685.3 | W16: 686.3 | X16: 687.3 | Y16: 688.3 | Z16: 689.3 | AA16: 690.3 | AB16: 691.3 | AC16: 692.4 | AD16: 693.4 | AE16: 694.4 | AF16: 695.4 | AG16: 696.4 | AH16: 697.4 | AI16: 698.4 | AJ16: 699.4 | AK16: 700.4 | AL16: 701.4 | AM16: 702.4 | AN16: 703.4 | AO16: 704.4 | AP16: 705.4 | AQ16: 706.5 | AR16: 707.5 | AS16: 708.5 | AT16: 709.5 | AU16: 710.5 | AV16: 711.5 | AW16: 712.5 | AX16: 713.5 | AY16: 714.5 | AZ16: 715.5 | BA16: 716.5 | BB16: 717.5 | BC16: 718.5 | BD16: 719.5 | BE16: 720.6 | BF16: 721.6 | BG16: 722.6 | BH16: 723.6 | BI16: 724.6 | BJ16: 725.6 | BK16: 726.6 | BL16: 727.6 | BM16: 728.6 | BN16: 729.6 | BO16: 730.6 | BP16: 731.6 | BQ16: 732.6 | BR16: 733.7 | BS16: 734.7 | BT16: 735.7 | BU16: 736.7 | BV16: 737.7 | BW16: 738.7 | BX16: 739.7 | BY16: 740.7 | BZ16: 741.7 | CA16: 742.7 | CB16: 743.7 | CC16: 744.7 | CD16: 745.7 | CE16: 746.7 | CF16: 747.7 | CG16: 748.8 | CH16: 749.8 | CI16: 750.8 | CJ16: 751.8 | CK16: 752.8 | CL16: 753.8 | CM16: 754.8 | CN16: 755.8 | CO16: 756.8 | CP16: 757.8 | CQ16: 758.8 | CR16: 759.8 | CS16: 760.8 | CT16: 761.8 | CU16: 762.8 | CV16: 763.9 | CW16: 764.9 | CX16: 765.9 | CY16: 766.9 | CZ16: 767.9 | DA16: 768.9 | DB16: 769.9 | DC16: =DB16+1 -> 770.9 | DD16: =DC16+1 -> 771.9 | DE16: =DD16+1 -> 772.9 | DF16: =DE16+1 -> 773.9 | DG16: =DF16+1 -> 774.9 | DH16: =DG16+1 -> 775.9 | DI16: =DH16+1 -> 776.9 | DJ16: =DI16+1 -> 777.9 | ... DL16: =DK16+1 -> 779.9 | DM16: 781.8 | DN16: 782.9 | DO16: 784 | DP16: 785.1 | DQ16: 786.2 | DR16: 787.3 | DS16: 788.3 | DT16: 789.3 | DU16: 790.3 | DV16: 791.3 | DW16: 792.3 | DX16: 793.3 | DY16: 794.4 | DZ16: 795.4 | EA16: 796.4 | EB16: 797.4 | EC16: 798.4 | ED16: 799.4 | EE16: 800.4 | EF16: 801.4 | EG16: 802.4 | EH16: 803.4 | EI16: 804.5 | EJ16: 805.5 | EK16: 806.5 | EL16: 807.5 | EM16: 808.5 | EN16: 809.5 | EO16: 810.5 | EP16: 811.5 | EQ16: 812.5 | ER16: 813.5 | ES16: 814.6 | ET16: 815.6 | EU16: 816.6 | EV16: 817.6 | EW16: 818.6 | EX16: 819.6 | EY16: 820.6 | EZ16: 821.6 | FA16: 822.6 | FB16: 823.6 | FC16: 824.7 | FD16: 825.7 | FE16: 826.7 | FF16: 827.7 | FG16: 828.7 | FH16: 829.7 | FI16: 830.7 | FJ16: 831.7 | FK16: 832.7 | FL16: 833.7 | FM16: 834.7 | FN16: 835.8 | FO16: 836.8 | FP16: 837.8 | FQ16: 838.8 | FR16: 839.8 | FS16: 840.8 | FT16: 841.8 | FU16: 842.8 | FV16: 843.8 | FW16: 844.8 | FX16: 845.8 | FY16: 846.8 | FZ16: 847.8 | GA16: 848.8 | GB16: 849.8 | GC16: 850.8 | GD16: 851.8 | GE16: 852.8 | GF16: 853.8 | GG16: 854.8 | GH16: 855.8 | GI16: 856.8 | GJ16: 857.8 | GK16: 858.8 | GL16: 859.8 | GM16: 860.8 | GN16: 861.8 | GO16: 862.8 | GP16: 863.9 | GQ16: 864.9 | GR16: 865.9 | GS16: 866.9 | GT16: 867.9 | GU16: 868.9 | GV16: 869.9 | GW16: 870.9 | GX16: 871.9 | GY16: 872.9 | GZ16: 873.9 | HA16: 874.9 | HB16: 875.9 | HC16: 876.9 | HD16: 877.9 | HE16: 878.9 | HF16: 879.9 | HG16: 880.9 | HH16: 881.9 | HI16: 882.9 | HJ16: 883.9 | HK16: 884.9 | HL16: 885.9 | HM16: 886.9 | HN16: 887.9 | HO16: 888.9 | HP16: 889.9 | HQ16: 890.9 | HR16: 891.9 | HS16: 892.9 | HT16: 893.9 | HU16: 894.9 | HV16: 895.9 | HW16: 896.9 | HX16: 897.9 | HY16: 898.9 | HZ16: 900 | IA16: 901 | IB16: 902 | IC16: 903 | ID16: 904 | IE16: 905 | IF16: 906 | IG16: 907 | IH16: 908 | II16: 909 | IJ16: 910 | IK16: 911 | IL16: 912 | IM16: 913 | IN16: 914 | IO16: 915 | IP16: 916 | IQ16: 917 | IR16: 918 | IS16: 919 | IT16: 920 | IU16: 921 | IV16: 922
A17: 5 | B17: 660.6 | C17: 661.6 | D17: 662.6 | E17: 663.6 | F17: 664.6 | G17: 665.6 | H17: 666.6 | I17: 667.6 | J17: 668.6 | K17: 671.7 | L17: 675.7 | M17: 676.7 | N17: 677.7 | O17: 678.7 | P17: 679.7 | Q17: 680.7 | R17: 681.7 | S17: 682.7 | T17: 683.7 | U17: 684.8 | V17: 685.8 | W17: 686.8 | X17: 687.8 | Y17: 688.8 | Z17: 689.8 | AA17: 690.8 | AB17: 691.8 | AC17: 692.8 | AD17: 693.8 | AE17: 694.8 | AF17: 695.8 | AG17: 696.8 | AH17: 697.8 | AI17: 698.9 | AJ17: 699.9 | AK17: 700.9 | AL17: 701.9 | AM17: 702.9 | AN17: 703.9 | AO17: 704.9 | AP17: 705.9 | AQ17: 706.9 | AR17: 707.9 | AS17: 708.9 | AT17: 709.9 | AU17: 710.9 | AV17: 711.9 | AW17: 713 | AX17: 714 | AY17: 715 | AZ17: 716 | BA17: 717 | BB17: 718 | BC17: 719 | BD17: 720 | BE17: 721 | BF17: 722 | BG17: 723 | BH17: 724 | BI17: 725 | BJ17: 726 | BK17: 727.1 | BL17: 728.1 | BM17: 729.1 | BN17: 730.1 | BO17: 731.1 | BP17: 732.1 | BQ17: 733.1 | BR17: 734.1 | BS17: 735.1 | BT17: 736.1 | BU17: 737.1 | BV17: 738.1 | BW17: 739.1 | BX17: 740.1 | BY17: 741.1 | BZ17: 742.1 | CA17: 743.2 | CB17: 744.2 | CC17: 745.2 | CD17: 746.2 | CE17: 747.2 | CF17: 748.2 | CG17: 749.2 | CH17: 750.2 | CI17: 751.2 | CJ17: 752.2 | CK17: 753.2 | CL17: 754.2 | CM17: 755.2 | CN17: 756.2 | CO17: 757.2 | CP17: 758.2 | CQ17: 759.3 | CR17: 760.3 | CS17: 761.3 | CT17: 762.3 | CU17: 763.3 | CV17: 764.3 | CW17: 765.3 | CX17: 766.3 | CY17: 767.3 | CZ17: 768.3 | DA17: 769.3 | DB17: 770.3 | DC17: =DB17+1 -> 771.3 | DD17: =DC17+1 -> 772.3 | DE17: =DD17+1 -> 773.3 | DF17: =DE17+1 -> 774.3 | DG17: =DF17+1 -> 775.3 | DH17: =DG17+1 -> 776.3 | DI17: =DH17+1 -> 777.3 | DJ17: =DI17+1 -> 778.3 | ... DL17: =DK17+1 -> 780.3 | DM17: 782.2 | DN17: 783.3 | DO17: 784.4 | DP17: 785.5 | DQ17: 786.6 | DR17: 787.7 | DS17: 788.7 | DT17: 789.7 | DU17: 790.7 | DV17: 791.7 | DW17: 792.7 | DX17: 793.7 | DY17: 794.7 | DZ17: 795.7 | EA17: 796.7 | EB17: 797.7 | EC17: 798.8 | ED17: 799.8 | EE17: 800.8 | EF17: 801.8 | EG17: 802.8 | EH17: 803.8 | EI17: 804.8 | EJ17: 805.8 | EK17: 806.8 | EL17: 807.9 | EM17: 808.9 | EN17: 809.9 | EO17: 810.9 | EP17: 811.9 | EQ17: 812.9 | ER17: 813.9 | ES17: 814.9 | ET17: 815.9 | EU17: 816.9 | EV17: 817.9 | EW17: 819 | EX17: 820 | EY17: 821 | EZ17: 822 | FA17: 823 | FB17: 824 | FC17: 825 | FD17: 826 | FE17: 827 | FF17: 828 | FG17: 829 | FH17: 830 | FI17: 831.1 | FJ17: 832.1 | FK17: 833.1 | FL17: 834.1 | FM17: 835.1 | FN17: 836.1 | FO17: 837.1 | FP17: 838.1 | FQ17: 839.1 | FR17: 840.1 | FS17: 841.1 | FT17: 842.1 | FU17: 843.1 | FV17: 844.1 | FW17: 845.1 | FX17: 846.1 | FY17: 847.1 | FZ17: 848.1 | GA17: 849.2 | GB17: 850.2 | GC17: 851.2 | GD17: 852.2 | GE17: 853.2 | GF17: 854.2 | GG17: 855.2 | GH17: 856.2 | GI17: 857.2 | GJ17: 858.2 | GK17: 859.2 | GL17: 860.2 | GM17: 861.2 | GN17: 862.2 | GO17: 863.2 | GP17: 864.2 | GQ17: 865.2 | GR17: 866.2 | GS17: 867.2 | GT17: 868.2 | GU17: 869.2 | GV17: 870.2 | GW17: 871.2 | GX17: 872.2 | GY17: 873.2 | GZ17: 874.2 | HA17: 875.2 | HB17: 876.2 | HC17: 877.2 | HD17: 878.2 | HE17: 879.2 | HF17: 880.2 | HG17: 881.2 | HH17: 882.2 | HI17: 883.2 | HJ17: 884.2 | HK17: 885.2 | HL17: 886.2 | HM17: 887.2 | HN17: 888.3 | HO17: 889.3 | HP17: 890.3 | HQ17: 891.3 | HR17: 892.3 | HS17: 893.3 | HT17: 894.3 | HU17: 895.3 | HV17: 896.3 | HW17: 897.3 | HX17: 898.3 | HY17: 899.3 | HZ17: 900.3 | IA17: 901.3 | IB17: 902.3 | IC17: 903.3 | ID17: 904.3 | IE17: 905.3 | IF17: 906.3 | IG17: 907.3 | IH17: 908.3 | II17: 909.3 | IJ17: 910.3 | IK17: 911.3 | IL17: 912.3 | IM17: 913.3 | IN17: 914.3 | IO17: 915.3 | IP17: 916.3 | IQ17: 917.3 | IR17: 918.3 | IS17: 919.3 | IT17: 920.3 | IU17: 921.3 | IV17: 922.3
A18: 5.5 | B18: 661 | C18: 662 | D18: 663.1 | E18: 664.1 | F18: 665.1 | G18: 666.1 | H18: 667.1 | I18: 668.1 | J18: 669.1 | K18: 672.1 | L18: 676.2 | M18: 677.2 | N18: 678.2 | O18: 679.2 | P18: 680.2 | Q18: 681.2 | R18: 682.2 | S18: 683.2 | T18: 684.2 | U18: 685.2 | V18: 686.2 | W18: 687.2 | X18: 688.2 | Y18: 689.2 | Z18: 690.2 | AA18: 691.3 | AB18: 692.3 | AC18: 693.3 | AD18: 694.3 | AE18: 695.3 | AF18: 696.3 | AG18: 697.3 | AH18: 698.3 | AI18: 699.3 | AJ18: 700.3 | AK18: 701.3 | AL18: 702.3 | AM18: 703.3 | AN18: 704.3 | AO18: 705.4 | AP18: 706.4 | AQ18: 707.4 | AR18: 708.4 | AS18: 709.4 | AT18: 710.4 | AU18: 711.4 | AV18: 712.4 | AW18: 713.4 | AX18: 714.4 | AY18: 715.4 | AZ18: 716.4 | BA18: 717.4 | BB18: 718.4 | BC18: 719.4 | BD18: 720.5 | BE18: 721.5 | BF18: 722.5 | BG18: 723.5 | BH18: 724.5 | BI18: 725.5 | BJ18: 726.5 | BK18: 727.5 | BL18: 728.5 | BM18: 729.5 | BN18: 730.5 | BO18: 731.5 | BP18: 732.5 | BQ18: 733.5 | BR18: 734.5 | BS18: 735.5 | BT18: 736.6 | BU18: 737.6 | BV18: 738.6 | BW18: 739.6 | BX18: 740.6 | BY18: 741.6 | BZ18: 742.6 | CA18: 743.6 | CB18: 744.6 | CC18: 745.6 | CD18: 746.6 | CE18: 747.6 | CF18: 748.6 | CG18: 749.6 | CH18: 750.6 | CI18: 751.6 | CJ18: 752.6 | CK18: 753.7 | CL18: 754.7 | CM18: 755.7 | CN18: 756.7 | CO18: 757.7 | CP18: 758.7 | CQ18: 759.7 | CR18: 760.7 | CS18: 761.7 | CT18: 762.7 | CU18: 763.7 | CV18: 764.7 | CW18: 765.7 | CX18: 766.7 | CY18: 767.7 | CZ18: 768.7 | DA18: 769.8 | DB18: 770.8 | DC18: =DB18+1 -> 771.8 | DD18: =DC18+1 -> 772.8 | DE18: =DD18+1 -> 773.8 | DF18: =DE18+1 -> 774.8 | DG18: =DF18+1 -> 775.8 | DH18: =DG18+1 -> 776.8 | DI18: =DH18+1 -> 777.8 | DJ18: =DI18+1 -> 778.8 | ... DL18: =DK18+1 -> 780.8 | DM18: 782.7 | DN18: 783.7 | DO18: 784.8 | DP18: 785.9 | DQ18: 787 | DR18: 788 | DS18: 789 | DT18: 790 | DU18: 791.1 | DV18: 792.1 | DW18: 793.1 | DX18: 794.1 | DY18: 795.1 | DZ18: 796.1 | EA18: 797.1 | EB18: 798.1 | EC18: 799.1 | ED18: 800.1 | EE18: 801.1 | EF18: 802.2 | EG18: 803.2 | EH18: 804.2 | EI18: 805.2 | EJ18: 806.2 | EK18: 807.2 | EL18: 808.2 | EM18: 809.2 | EN18: 810.2 | EO18: 811.2 | EP18: 812.2 | EQ18: 813.3 | ER18: 814.3 | ES18: 815.3 | ET18: 816.3 | EU18: 817.3 | EV18: 818.3 | EW18: 819.3 | EX18: 820.3 | EY18: 821.3 | EZ18: 822.3 | FA18: 823.3 | FB18: 824.3 | FC18: 825.4 | FD18: 826.4 | FE18: 827.4 | FF18: 828.4 | FG18: 829.4 | FH18: 830.4 | FI18: 831.4 | FJ18: 832.4 | FK18: 833.4 | FL18: 834.4 | FM18: 835.4 | FN18: 836.4 | FO18: 837.5 | FP18: 838.5 | FQ18: 839.5 | FR18: 840.5 | FS18: 841.5 | FT18: 842.5 | FU18: 843.5 | FV18: 844.5 | FW18: 845.5 | FX18: 846.5 | FY18: 847.5 | FZ18: 848.5 | GA18: 849.5 | GB18: 850.5 | GC18: 851.5 | GD18: 852.5 | GE18: 853.5 | GF18: 854.5 | GG18: 855.5 | GH18: 856.5 | GI18: 857.5 | GJ18: 858.5 | GK18: 859.5 | GL18: 860.5 | GM18: 861.5 | GN18: 862.5 | GO18: 863.5 | GP18: 864.5 | GQ18: 865.5 | GR18: 866.5 | GS18: 867.5 | GT18: 868.5 | GU18: 869.5 | GV18: 870.5 | GW18: 871.5 | GX18: 872.6 | GY18: 873.6 | GZ18: 874.6 | HA18: 875.6 | HB18: 876.6 | HC18: 877.6 | HD18: 878.6 | HE18: 879.6 | HF18: 880.6 | HG18: 881.6 | HH18: 882.6 | HI18: 883.6 | HJ18: 884.6 | HK18: 885.6 | HL18: 886.6 | HM18: 887.6 | HN18: 888.6 | HO18: 889.6 | HP18: 890.6 | HQ18: 891.6 | HR18: 892.6 | HS18: 893.6 | HT18: 894.6 | HU18: 895.6 | HV18: 896.6 | HW18: 897.6 | HX18: 898.6 | HY18: 899.6 | HZ18: 900.6 | IA18: 901.6 | IB18: 902.6 | IC18: 903.6 | ID18: 904.6 | IE18: 905.6 | IF18: 906.6 | IG18: 907.6 | IH18: 908.6 | II18: 909.6 | IJ18: 910.6 | IK18: 911.6 | IL18: 912.6 | IM18: 913.7 | IN18: 914.7 | IO18: 915.7 | IP18: 916.7 | IQ18: 917.7 | IR18: 918.7 | IS18: 919.7 | IT18: 920.7 | IU18: 921.7 | IV18: 922.7
... A89: 41 | B89: 694.2 | C89: 695.2 | D89: 696.2 | E89: 697.2 | F89: 698.1 | G89: 699.1 | H89: 700.1 | I89: 701.1 | J89: 702.1 | K89: 705 | L89: 708.9 | M89: 709.9 | N89: 710.9 | O89: 711.9 | P89: 712.8 | Q89: 713.8 | R89: 714.8 | S89: 715.8 | T89: 716.8 | U89: 717.8 | V89: 718.7 | W89: 719.7 | X89: 720.7 | Y89: 721.7 | Z89: 722.7 | AA89: 723.6 | AB89: 724.6 | AC89: 725.6 | AD89: 726.6 | AE89: 727.6 | AF89: 728.6 | AG89: 729.5 | AH89: 730.5 | AI89: 731.5 | AJ89: 732.5 | AK89: 733.5 | AL89: 734.5 | AM89: 735.4 | AN89: 736.4 | AO89: 737.4 | AP89: 738.4 | AQ89: 739.4 | AR89: 740.3 | AS89: 741.3 | AT89: 742.3 | AU89: 743.3 | AV89: 744.3 | AW89: 745.3 | AX89: 746.2 | AY89: 747.2 | AZ89: 748.2 | BA89: 749.2 | BB89: 750.2 | BC89: 751.2 | BD89: 752.1 | BE89: 753.1 | BF89: 754.1 | BG89: 755.1 | BH89: 756.1 | BI89: 757.1 | BJ89: 758 | BK89: 759 | BL89: 760 | BM89: 761 | BN89: 762 | BO89: 763 | BP89: 763.9 | BQ89: 764.9 | BR89: 765.9 | BS89: 766.9 | BT89: 767.9 | BU89: 768.9 | BV89: 769.8 | BW89: 770.8 | BX89: 771.6 | BY89: 772.4 | BZ89: 773.2 | CA89: 774.1 | CB89: 774.9 | CC89: 775.7 | CD89: 776.6 | CE89: 777.4 | CF89: 778.2 | CG89: 779 | CH89: 779.9 | CI89: 780.7 | CJ89: 781.5 | CK89: 782.3 | CL89: 783.2 | CM89: 784 | CN89: 784.8 | CO89: 785.7 | CP89: 786.5 | CQ89: 787.3 | CR89: 788.3 | CS89: 789.3 | CT89: 790.2 | CU89: 791.2 | CV89: 792.2 | CW89: 793.2 | CX89: 794.1 | CY89: 795.1 | CZ89: 796.1 | DA89: 797 | DB89: 798 | DC89: =DB89+1 -> 799 | DD89: =DC89+1 -> 800 | DE89: =DD89+1 -> 801 | DF89: =DE89+1 -> 802 | DG89: =DF89+1 -> 803 | DH89: =DG89+1 -> 804 | DI89: =DH89+1 -> 805 | DJ89: =DI89+1 -> 806 | ... DL89: =DK89+1 -> 808 | DM89: 808.8 | DN89: 809.7 | DO89: 810.7 | DP89: 811.7 | DQ89: 812.7 | DR89: 813.6 | DS89: 814.6 | DT89: 815.6 | DU89: 816.6 | DV89: 817.5 | DW89: 818.5 | DX89: 819.5 | DY89: 820.5 | DZ89: 821.5 | EA89: 822.4 | EB89: 823.4 | EC89: 824.4 | ED89: 825.4 | EE89: 826.3 | EF89: 827.3 | EG89: 828.3 | EH89: 829.3 | EI89: 830.2 | EJ89: 831.2 | EK89: 832.2 | EL89: 833.2 | EM89: 834.1 | EN89: 835.1 | EO89: 836.1 | EP89: 837.1 | EQ89: 838.1 | ER89: 839 | ES89: 840 | ET89: 841 | EU89: 842 | EV89: 843 | EW89: 844 | EX89: 845 | EY89: 846 | EZ89: 847 | FA89: 848 | FB89: 849 | FC89: 850 | FD89: 851 | FE89: 852 | FF89: 852.9 | FG89: 853.9 | FH89: 854.9 | FI89: 855.9 | FJ89: 856.9 | FK89: 857.9 | FL89: 858.9 | FM89: 859.9 | FN89: 860.9 | FO89: 861.9 | FP89: 862.9 | FQ89: 863.9 | FR89: 864.9 | FS89: 865.8 | FT89: 866.8 | FU89: 867.8 | FV89: 868.8 | FW89: 869.8 | FX89: 870.8 | FY89: 871.8 | FZ89: 872.8 | GA89: 873.8 | GB89: 874.8 | GC89: 875.8 | GD89: 876.8 | GE89: 877.8 | GF89: 878.8 | GG89: 879.7 | GH89: 880.7 | GI89: 881.7 | GJ89: 882.7 | GK89: 883.7 | GL89: 884.7 | GM89: 885.7 | GN89: 886.7 | GO89: 887.7 | GP89: 888.7 | GQ89: 889.7 | GR89: 890.7 | GS89: 891.7 | GT89: 892.7 | GU89: 893.6 | GV89: 894.6 | GW89: 895.6 | GX89: 896.6 | GY89: 897.6 | GZ89: 898.6 | HA89: 899.6 | HB89: 900.6 | HC89: 901.6 | HD89: 902.6 | HE89: 903.6 | HF89: 904.6 | HG89: 905.6 | HH89: 906.6 | HI89: 907.6 | HJ89: 908.6 | HK89: 909.5 | HL89: 910.5 | HM89: 911.5 | HN89: 912.5 | HO89: 913.5 | HP89: 914.5 | HQ89: 915.5 | HR89: 916.5 | HS89: 917.5 | HT89: 918.5 | HU89: 919.5 | HV89: 920.5 | HW89: 921.5 | HX89: 922.5 | HY89: 923.5 | HZ89: 924.4 | IA89: 925.4 | IB89: 926.4 | IC89: 927.4 | ID89: 928.4 | IE89: 929.4 | IF89: 930.4 | IG89: 931.4 | IH89: 932.4 | II89: 933.4 | IJ89: 934.4 | IK89: 935.4 | IL89: 936.4 | IM89: 937.4 | IN89: 938.4 | IO89: 939.4 | IP89: 940.3 | IQ89: 941.3 | IR89: 942.3 | IS89: 943.3 | IT89: 944.3 | IU89: 945.3 | IV89: 946.3
A90: 41.5 | B90: 694.7 | C90: 695.6 | D90: 696.6 | E90: 697.6 | F90: 698.6 | G90: 699.6 | H90: 700.6 | I90: 701.5 | J90: 702.5 | K90: 705.5 | L90: 709.4 | M90: 710.4 | N90: 711.3 | O90: 712.3 | P90: 713.3 | Q90: 714.3 | R90: 715.3 | S90: 716.2 | T90: 717.2 | U90: 718.2 | V90: 719.2 | W90: 720.2 | X90: 721.2 | Y90: 722.1 | Z90: 723.1 | AA90: 724.1 | AB90: 725.1 | AC90: 726.1 | AD90: 727 | AE90: 728 | AF90: 729 | AG90: 730 | AH90: 731 | AI90: 732 | AJ90: 732.9 | AK90: 733.9 | AL90: 734.9 | AM90: 735.9 | AN90: 736.9 | AO90: 737.8 | AP90: 738.8 | AQ90: 739.8 | AR90: 740.8 | AS90: 741.8 | AT90: 742.8 | AU90: 743.7 | AV90: 744.7 | AW90: 745.7 | AX90: 746.7 | AY90: 747.7 | AZ90: 748.7 | BA90: 749.6 | BB90: 750.6 | BC90: 751.6 | BD90: 752.6 | BE90: 753.6 | BF90: 754.5 | BG90: 755.5 | BH90: 756.5 | BI90: 757.5 | BJ90: 758.5 | BK90: 759.5 | BL90: 760.4 | BM90: 761.4 | BN90: 762.4 | BO90: 763.4 | BP90: 764.4 | BQ90: 765.4 | BR90: 766.4 | BS90: 767.3 | BT90: 768.3 | BU90: 769.3 | BV90: 770.3 | BW90: 771.1 | BX90: 771.9 | BY90: 772.8 | BZ90: 773.6 | CA90: 774.4 | CB90: 775.2 | CC90: 776.1 | CD90: 776.9 | CE90: 777.7 | CF90: 778.5 | CG90: 779.4 | CH90: 780.2 | CI90: 781 | CJ90: 781.9 | CK90: 782.7 | CL90: 783.5 | CM90: 784.3 | CN90: 785.2 | CO90: 786 | CP90: 786.8 | CQ90: 787.7 | CR90: 788.6 | CS90: 789.6 | CT90: 790.6 | CU90: 791.6 | CV90: 792.5 | CW90: 793.5 | CX90: 794.5 | CY90: 795.5 | CZ90: 796.4 | DA90: 797.4 | DB90: 798.4 | DC90: =DB90+1 -> 799.4 | DD90: =DC90+1 -> 800.4 | DE90: =DD90+1 -> 801.4 | DF90: =DE90+1 -> 802.4 | DG90: =DF90+1 -> 803.4 | DH90: =DG90+1 -> 804.4 | DI90: =DH90+1 -> 805.4 | DJ90: =DI90+1 -> 806.4 | ... DL90: =DK90+1 -> 808.4 | DM90: 809.1 | DN90: 810.1 | DO90: 811.1 | DP90: 812 | DQ90: 813 | DR90: 814 | DS90: 815 | DT90: 815.9 | DU90: 816.9 | DV90: 817.9 | DW90: 818.9 | DX90: 819.8 | DY90: 820.8 | DZ90: 821.8 | EA90: 822.8 | EB90: 823.8 | EC90: 824.7 | ED90: 825.7 | EE90: 826.7 | EF90: 827.7 | EG90: 828.6 | EH90: 829.6 | EI90: 830.6 | EJ90: 831.6 | EK90: 832.5 | EL90: 833.5 | EM90: 834.5 | EN90: 835.5 | EO90: 836.4 | EP90: 837.4 | EQ90: 838.4 | ER90: 839.4 | ES90: 840.4 | ET90: 841.4 | EU90: 842.4 | EV90: 843.4 | EW90: 844.4 | EX90: 845.3 | EY90: 846.3 | EZ90: 847.3 | FA90: 848.3 | FB90: 849.3 | FC90: 850.3 | FD90: 851.3 | FE90: 852.3 | FF90: 853.3 | FG90: 854.3 | FH90: 855.3 | FI90: 856.3 | FJ90: 857.3 | FK90: 858.3 | FL90: 859.2 | FM90: 860.2 | FN90: 861.2 | FO90: 862.2 | FP90: 863.2 | FQ90: 864.2 | FR90: 865.2 | FS90: 866.2 | FT90: 867.2 | FU90: 868.2 | FV90: 869.2 | FW90: 870.2 | FX90: 871.2 | FY90: 872.1 | FZ90: 875.1 | GA90: 876.1 | GB90: 877.1 | GE90: 878.1 | GF90: 879.1 | GG90: 880.1 | GH90: 881.1 | GI90: 882.1 | GJ90: 883.1 | GK90: 884.1 | GL90: 885.1 | GM90: 886 | GN90: 887 | GO90: 888 | GP90: 889 | GQ90: 890 | GR90: 891 | GS90: 892 | GT90: 893 | GU90: 894 | GV90: 895 | GW90: 896 | GX90: 897 | GY90: 898 | GZ90: 899 | HA90: 899.9 | HB90: 900.9 | HC90: 901.9 | HD90: 902.9 | HE90: 903.9 | HF90: 904.9 | HG90: 905.9 | HH90: 906.9 | HI90: 907.9 | HJ90: 908.9 | HK90: 909.9 | HL90: 910.9 | HM90: 911.9 | HN90: 912.9 | HO90: 913.9 | HP90: 914.8 | HQ90: 915.8 | HR90: 916.8 | HS90: 917.8 | HT90: 918.8 | HU90: 919.8 | HV90: 920.8 | HW90: 921.8 | HX90: 922.8 | HY90: 923.8 | HZ90: 924.8 | IA90: 925.8 | IB90: 926.8 | IC90: 927.8 | ID90: 928.8 | IE90: 929.7 | IF90: 930.7 | IG90: 931.7 | IH90: 932.7 | II90: 933.7 | IJ90: 934.7 | IK90: 935.7 | IL90: 936.7 | IM90: 937.7 | IN90: 938.7 | IO90: 939.7 | IP90: 940.7 | IQ90: 941.7 | IR90: 942.7 | IS90: 943.7 | IT90: 944.6 | IU90: 945.6 | IV90: 946.6
A91: 42 | B91: 695.1 | C91: 696.1 | D91: 697.1 | E91: 698.1 | F91: 699 | G91: 700 | H91: 701 | I91: 702 | J91: 703 | K91: 705.9 | L91: 709.8 | M91: 710.8 | N91: 711.8 | O91: 712.8 | P91: 713.8 | Q91: 714.7 | R91: 715.7 | S91: 716.7 | T91: 717.7 | U91: 718.7 | V91: 719.6 | W91: 720.6 | X91: 721.6 | Y91: 722.6 | Z91: 723.6 | AA91: 724.6 | AB91: 725.5 | AC91: 726.5 | AD91: 727.5 | AE91: 728.5 | AF91: 729.5 | AG91: 730.4 | AH91: 731.4 | AI91: 732.4 | AJ91: 733.4 | AK91: 734.4 | AL91: 735.3 | AM91: 736.3 | AN91: 737.3 | AO91: 738.3 | AP91: 739.3 | AQ91: 740.2 | AR91: 741.2 | AS91: 742.2 | AT91: 743.2 | AU91: 744.2 | AV91: 745.2 | AW91: 746.1 | AX91: 747.1 | AY91: 748.1 | AZ91: 749.1 | BA91: 750.1 | BB91: 751.1 | BC91: 752 | BD91: 753 | BE91: 754 | BF91: 755 | BG91: 756 | BH91: 756.9 | BI91: 757.9 | BJ91: 758.9 | BK91: 759.9 | BL91: 760.9 | BM91: 761.9 | BN91: 762.9 | BO91: 763.8 | BP91: 764.8 | BQ91: 765.8 | BR91: 766.8 | BS91: 767.8 | BT91: 768.8 | BU91: 769.7 | BV91: 770.7 | BW91: 771.5 | BX91: 772.3 | BY91: 773.1 | BZ91: 773.9 | CA91: 774.8 | CB91: 775.6 | CC91: 776.4 | CD91: 777.2 | CE91: 778.1 | CF91: 778.9 | CG91: 779.7 | CH91: 780.5 | CI91: 781.4 | CJ91: 782.2 | CK91: 783 | CL91: 783.8 | CM91: 784.6 | CN91: 785.5 | CO91: 786.3 | CP91: 787.1 | CQ91: 788 | CR91: 789 | CS91: 790 | CT91: 791 | CU91: 791.9 | CV91: 792.9 | CW91: 793.9 | CX91: 794.9 | CY91: 795.8 | CZ91: 796.8 | DA91: 797.8 | DB91: 798.7 | DC91: =DB91+1 -> 799.7 | DD91: =DC91+1 -> 800.7 | DE91: =DD91+1 -> 801.7 | DF91: =DE91+1 -> 802.7 | DG91: =DF91+1 -> 803.7 | DH91: =DG91+1 -> 804.7 | DI91: =DH91+1 -> 805.7 | DJ91: =DI91+1 -> 806.7 | ... DL91: =DK91+1 -> 808.7 | DM91: 809.5 | DN91: 810.4 | DO91: 811.4 | DP91: 812.4 | DQ91: 813.4 | DR91: 814.3 | DS91: 815.3 | DT91: 816.3 | DU91: 817.3 | DV91: 818.2 | DW91: 819.2 | DX91: 820.2 | DY91: 821.2 | DZ91: 822.1 | EA91: 823.1 | EB91: 824.1 | EC91: 825.1 | ED91: 826.1 | EE91: 827 | EF91: 828 | EG91: 829 | EH91: 829.9 | EI91: 830.9 | EJ91: 831.9 | EK91: 832.9 | EL91: 833.9 | EM91: 834.8 | EN91: 835.8 | EO91: 836.8 | EP91: 837.8 | EQ91: 838.8 | ER91: 839.7 | ES91: 840.7 | ET91: 841.7 | EU91: 842.7 | EV91: 843.7 | EW91: 844.7 | EX91: 845.7 | EY91: 846.7 | EZ91: 847.7 | FA91: 848.7 | FB91: 849.7 | FC91: 850.7 | FD91: 851.6 | FE91: 852.6 | FF91: 853.6 | FG91: 854.6 | FH91: 855.6 | FI91: 856.6 | FJ91: 857.6 | FK91: 858.6 | FL91: 859.6 | FM91: 860.6 | FN91: 861.6 | FO91: 862.6 | FP91: 863.6 | FQ91: 864.5 | FR91: 865.5 | FS91: 866.5 | FT91: 867.5 | FU91: 868.5 | FV91: 869.5 | FW91: 870.5 | FX91: 871.5 | FY91: 872.5 | FZ91: 873.5 | GA91: 874.5 | GB91: 875.5 | GC91: 876.5 | GD91: 877.4 | GE91: 878.4 | GF91: 879.4 | GG91: 880.4 | GH91: 881.4 | GI91: 882.4 | GJ91: 883.4 | GK91: 884.4 | GL91: 885.4 | GM91: 886.4 | GN91: 887.4 | GO91: 888.4 | GP91: 889.4 | GQ91: 890.4 | GR91: 891.4 | GS91: 892.3 | GT91: 893.3 | GU91: 894.3 | GV91: 895.3 | GW91: 896.3 | GX91: 897.3 | GY91: 898.3 | GZ91: 899.3 | HA91: 900.3 | HB91: 901.3 | HC91: 902.3 | HD91: 903.3 | HE91: 904.3 | HF91: 905.3 | HG91: 906.3 | HH91: 907.2 | HI91: 908.2 | HJ91: 909.2 | HK91: 910.2 | HL91: 911.2 | HM91: 912.2 | HN91: 913.2 | HO91: 914.2 | HP91: 915.2 | HQ91: 916.2 | HR91: 917.2 | HS91: 918.2 | HT91: 919.2 | HU91: 920.2 | HV91: 921.1 | HW91: 922.1 | HX91: 923.1 | HY91: 924.1 | HZ91: 925.1 | IA91: 926.1 | IB91: 927.1 | IC91: 928.1 | ID91: 929.1 | IE91: 930.1 | IF91: 931.1 | IG91: 932.1 | IH91: 933.1 | II91: 934.1 | IJ91: 935.1 | IK91: 936 | IL91: 937 | IM91: 938 | IN91: 939 | IO91: 940 | IP91: 941 | IQ91: 942 | IR91: 943 | IS91: 944 | IT91: 945 | IU91: 946 | IV91: 947
A92: 42.5 | B92: 695.6 | C92: 696.6 | D92: 697.5 | E92: 698.5 | F92: 699.5 | G92: 700.5 | H92: 701.5 | I92: 702.4 | J92: 703.4 | K92: 706.4 | L92: 710.3 | M92: 711.3 | N92: 712.3 | O92: 713.2 | P92: 714.2 | Q92: 715.2 | R92: 716.2 | S92: 717.1 | T92: 718.1 | U92: 719.1 | V92: 720.1 | W92: 721.1 | X92: 722.1 | Y92: 723 | Z92: 724 | AA92: 725 | AB92: 726 | AC92: 727 | AD92: 727.9 | AE92: 728.9 | AF92: 729.9 | AG92: 730.9 | AH92: 731.9 | AI92: 732.8 | AJ92: 733.8 | AK92: 734.8 | AL92: 735.8 | AM92: 736.8 | AN92: 737.8 | AO92: 738.7 | AP92: 739.7 | AQ92: 740.7 | AR92: 741.7 | AS92: 742.7 | AT92: 743.6 | AU92: 744.6 | AV92: 745.6 | AW92: 746.6 | AX92: 747.6 | AY92: 748.6 | AZ92: 749.5 | BA92: 750.5 | BB92: 751.5 | BC92: 752.5 | BD92: 753.5 | BE92: 754.5 | BF92: 755.4 | BG92: 756.4 | BH92: 757.4 | BI92: 758.4 | BJ92: 759.4 | BK92: 760.3 | BL92: 761.3 | BM92: 762.3 | BN92: 763.3 | BO92: 764.3 | BP92: 765.3 | BQ92: 766.2 | BR92: 767.2 | BS92: 768.2 | BT92: 769.2 | BU92: 770.2 | BV92: 771 | BW92: 771.8 | BX92: 772.7 | BY92: 773.5 | BZ92: 774.3 | CA92: 775.1 | CB92: 775.9 | CC92: 776.8 | CD92: 777.6 | CE92: 778.4 | CF92: 779.2 | CG92: 780 | CH92: 780.9 | CI92: 781.7 | CJ92: 782.5 | CK92: 783.3 | CL92: 784.2 | CM92: 785 | CN92: 785.8 | CO92: 786.6 | CP92: 787.4 | CQ92: 788.4 | CR92: 789.4 | CS92: 790.3 | CT92: 791.3 | CU92: 792.3 | CV92: 793.3 | CW92: 794.2 | CX92: 795.2 | CY92: 796.2 | CZ92: 797.2 | DA92: 798.1 | DB92: 799.1 | DC92: =DB92+1 -> 800.1 | DD92: =DC92+1 -> 801.1 | DE92: =DD92+1 -> 802.1 | DF92: =DE92+1 -> 803.1 | DG92: =DF92+1 -> 804.1 | DH92: =DG92+1 -> 805.1 | DI92: =DH92+1 -> 806.1 | DJ92: =DI92+1 -> 807.1 | ... DL92: =DK92+1 -> 809.1 | DM92: 809.8 | DN92: 810.8 | DO92: 811.8 | DP92: 812.7 | DQ92: 813.7 | DR92: 814.7 | DS92: 815.7 | DT92: 816.6 | DU92: 817.6 | DV92: 818.6 | DW92: 819.6 | DX92: 820.5 | DY92: 821.5 | DZ92: 822.5 | EA92: 823.5 | EB92: 824.4 | EC92: 825.4 | ED92: 826.4 | EE92: 827.4 | EF92: 828.4 | EG92: 829.3 | EH92: 830.3 | EI92: 831.3 | EJ92: 832.2 | EK92: 833.2 | EL92: 834.2 | EM92: 835.2 | EN92: 836.2 | EO92: 837.1 | EP92: 838.1 | EQ92: 839.1 | ER92: 840.1 | ES92: 841.1 | ET92: 842.1 | EU92: 843.1 | EV92: 844.1 | EW92: 845.1 | EX92: 846 | EY92: 847 | EZ92: 848 | FA92: 849 | FB92: 850 | FC92: 851 | FD92: 852 | FE92: 853 | FF92: 854 | FG92: 855 | FH92: 856 | FI92: 857 | FJ92: 857.9 | FK92: 858.9 | FL92: 859.9 | FM92: 860.9 | FN92: 861.9 | FO92: 862.9 | FP92: 863.9 | FQ92: 864.9 | FR92: 865.9 | FS92: 866.9 | FT92: 867.9 | FU92: 868.9 | FV92: 869.9 | FW92: 870.8 | FX92: 871.8 | FY92: 872.8 | FZ92: 873.8 | GA92: 874.8 | GB92: 875.8 | GC92: 876.8 | GD92: 877.8 | GE92: 878.8 | GF92: 879.8 | GG92: 880.8 | GH92: 881.8 | GI92: 882.8 | GJ92: 883.7 | GK92: 884.7 | GL92: 885.7 | GM92: 886.7 | GN92: 887.7 | GO92: 888.7 | GP92: 889.7 | GQ92: 890.7 | GR92: 891.7 | GS92: 892.7 | GT92: 893.7 | GU92: 894.7 | GV92: 895.7 | GW92: 896.7 | GX92: 897.6 | GY92: 898.6 | GZ92: 899.6 | HA92: 900.6 | HB92: 901.6 | HC92: 902.6 | HD92: 903.6 | HE92: 904.6 | HF92: 905.6 | HG92: 906.6 | HH92: 907.6 | HI92: 908.6 | HJ92: 909.6 | HK92: 910.6 | HL92: 911.5 | HM92: 912.5 | HN92: 913.5 | HO92: 914.5 | HP92: 915.5 | HQ92: 916.5 | HR92: 917.5 | HS92: 918.5 | HT92: 919.5 | HU92: 920.5 | HV92: 921.5 | HW92: 922.5 | HX92: 923.5 | HY92: 924.5 | HZ92: 925.4 | IA92: 926.4 | IB92: 927.4 | IC92: 928.4 | ID92: 929.4 | IE92: 930.4 | IF92: 931.4 | IG92: 932.4 | IH92: 933.4 | II92: 934.4 | IJ92: 935.4 | IK92: 936.4 | IL92: 937.4 | IM92: 938.4 | IN92: 939.4 | IO92: 940.3 | IP92: 941.3 | IQ92: 942.3 | IR92: 943.3 | IS92: 944.3 | IT92: 945.3 | IU92: 946.3 | IV92: 947.3
A93: 43 | B93: 696.1 | C93: 697 | D93: 698 | E93: 699 | F93: 700 | G93: 700.9 | H93: 701.9 | I93: 702.9 | J93: 703.9 | K93: 706.8 | L93: 710.7 | M93: 711.7 | N93: 712.7 | O93: 713.7 | P93: 714.7 | Q93: 715.6 | R93: 716.6 | S93: 717.6 | T93: 718.6 | U93: 719.6 | V93: 720.5 | W93: 721.5 | X93: 722.5 | Y93: 723.5 | Z93: 724.5 | AA93: 725.4 | AB93: 726.4 | AC93: 727.4 | AD93: 728.4 | AE93: 729.4 | AF93: 730.3 | AG93: 731.3 | AH93: 732.3 | AI93: 733.3 | AJ93: 734.3 | AK93: 735.3 | AL93: 736.2 | AM93: 737.2 | AN93: 738.2 | AO93: 739.2 | AP93: 740.2 | AQ93: 741.1 | AR93: 742.1 | AS93: 743.1 | AT93: 744.1 | AU93: 745.1 | AV93: 746 | AW93: 747 | AX93: 748 | AY93: 749 | AZ93: 750 | BA93: 751 | BB93: 751.9 | BC93: 752.9 | BD93: 753.9 | BE93: 754.9 | BF93: 755.9 | BG93: 756.9 | BH93: 757.8 | BI93: 758.8 | BJ93: 759.8 | BK93: 760.8 | BL93: 761.8 | BM93: 762.7 | BN93: 763.7 | BO93: 764.7 | BP93: 765.7 | BQ93: 766.7 | BR93: 767.7 | BS93: 768.6 | BT93: 769.6 | BU93: 770.6 | BV93: 771.4 | BW93: 772.2 | BX93: 773 | BY93: 773.8 | BZ93: 774.6 | CA93: 775.5 | CB93: 776.3 | CC93: 777.1 | CD93: 777.9 | CE93: 778.7 | CF93: 779.6 | CG93: 780.4 | CH93: 781.2 | CI93: 782 | CJ93: 782.8 | CK93: 783.6 | CL93: 784.5 | CM93: 785.3 | CN93: 786.1 | CO93: 786.9 | CP93: 787.8 | CQ93: 788.8 | CR93: 789.7 | CS93: 790.7 | CT93: 791.7 | CU93: 792.7 | CV93: 793.6 | CW93: 794.6 | CX93: 795.6 | CY93: 796.5 | CZ93: 797.5 | DA93: 798.5 | DB93: 799.5 | DC93: =DB93+1 -> 800.5 | DD93: =DC93+1 -> 801.5 | DE93: =DD93+1 -> 802.5 | DF93: =DE93+1 -> 803.5 | DG93: =DF93+1 -> 804.5 | DH93: =DG93+1 -> 805.5 | DI93: =DH93+1 -> 806.5 | DJ93: =DI93+1 -> 807.5 | ... DL93: =DK93+1 -> 809.5 | DM93: 810.2 | DN93: 811.2 | DO93: 812.1 | DP93: 813.1 | DQ93: 814.1 | DR93: 815.1 | DS93: 816 | DT93: 817 | DU93: 818 | DV93: 818.9 | DW93: 819.9 | DX93: 820.9 | DY93: 821.9 | DZ93: 822.8 | EA93: 823.8 | EB93: 824.8 | EC93: 825.8 | ED93: 826.7 | EE93: 827.7 | EF93: 828.7 | EG93: 829.7 | EH93: 830.6 | EI93: 831.6 | EJ93: 832.6 | EK93: 833.6 | EL93: 834.5 | EM93: 835.5 | EN93: 836.5 | EO93: 837.5 | EP93: 838.5 | EQ93: 839.4 | ER93: 840.4 | ES93: 841.4 | ET93: 842.4 | EU93: 843.4 | EV93: 844.4 | EW93: 845.4 | EX93: 846.4 | EY93: 847.4 | EZ93: 848.4 | FA93: 849.4 | FB93: 850.4 | FC93: 851.3 | FD93: 852.3 | FE93: 853.3 | FF93: 854.3 | FG93: 855.3 | FH93: 856.3 | FI93: 857.3 | FJ93: 858.3 | FK93: 859.3 | FL93: 860.3 | FM93: 861.3 | FN93: 862.3 | FO93: 863.2 | FP93: 864.2 | FQ93: 865.2 | FR93: 866.2 | FS93: 867.2 | FT93: 868.2 | FU93: 869.2 | FV93: 870.2 | FW93: 871.2 | FX93: 872.2 | FY93: 873.2 | FZ93: 874.2 | GA93: 875.2 | GB93: 876.1 | GC93: 877.1 | GD93: 878.1 | GE93: 879.1 | GF93: 880.1 | GG93: 881.1 | GH93: 882.1 | GI93: 883.1 | GJ93: 884.1 | GK93: 885.1 | GL93: 886.1 | GM93: 887.1 | GN93: 888.1 | GO93: 889.1 | GP93: 890 | GQ93: 891 | GR93: 892 | GS93: 893 | GT93: 894 | GU93: 895 | GV93: 896 | GW93: 897 | GX93: 898 | GY93: 899 | GZ93: 900 | HA93: 901 | HB93: 902 | HC93: 903 | HD93: 903.9 | HE93: 904.9 | HF93: 905.9 | HG93: 906.9 | HH93: 907.9 | HI93: 908.9 | HJ93: 909.9 | HK93: 910.9 | HL93: 911.9 | HM93: 912.9 | HN93: 913.9 | HO93: 914.9 | HP93: 915.9 | HQ93: 916.8 | HR93: 917.8 | HS93: 918.8 | HT93: 919.8 | HU93: 920.8 | HV93: 921.8 | HW93: 922.8 | HX93: 923.8 | HY93: 924.8 | HZ93: 925.8 | IA93: 926.8 | IB93: 927.8 | IC93: 928.8 | ID93: 929.8 | IE93: 930.8 | IF93: 931.7 | IG93: 932.7 | IH93: 933.7 | II93: 934.7 | IJ93: 935.7 | IK93: 936.7 | IL93: 937.7 | IM93: 938.7 | IN93: 939.7 | IO93: 940.7 | IP93: 941.7 | IQ93: 942.7 | IR93: 943.7 | IS93: 944.7 | IT93: 945.7 | IU93: 946.6 | IV93: 947.6
A94: 43.5 | B94: 696.5 | C94: 697.5 | D94: 698.5 | E94: 699.4 | F94: 700.4 | G94: 701.4 | H94: 702.4 | I94: 703.4 | J94: 704.3 | K94: 707.3 | L94: 711.2 | M94: 712.2 | N94: 713.2 | O94: 714.1 | P94: 715.1 | Q94: 716.1 | R94: 717.1 | S94: 718.1 | T94: 719 | U94: 720 | V94: 721 | W94: 722 | X94: 723 | Y94: 723.9 | Z94: 724.9 | AA94: 725.9 | AB94: 726.9 | AC94: 727.9 | AD94: 728.8 | AE94: 729.8 | AF94: 730.8 | AG94: 731.8 | AH94: 732.8 | AI94: 733.7 | AJ94: 734.7 | AK94: 735.7 | AL94: 736.7 | AM94: 737.7 | AN94: 738.6 | AO94: 739.6 | AP94: 740.6 | AQ94: 741.6 | AR94: 742.6 | AS94: 743.6 | AT94: 744.5 | AU94: 745.5 | AV94: 746.5 | AW94: 747.5 | AX94: 748.5 | AY94: 749.4 | AZ94: 750.4 | BA94: 751.4 | BB94: 752.4 | BC94: 753.4 | BD94: 754.3 | BE94: 755.3 | BF94: 756.3 | BG94: 757.3 | BH94: 758.3 | BI94: 759.3 | BJ94: 760.2 | BK94: 761.2 | BL94: 762.2 | BM94: 763.2 | BN94: 764.2 | BO94: 765.1 | BP94: 766.1 | BQ94: 767.1 | BR94: 768.1 | BS94: 769.1 | BT94: 770.1 | BU94: 770.9 | BV94: 771.7 | BW94: 772.6 | BX94: 773.4 | BY94: 774.2 | BZ94: 775 | CA94: 775.8 | CB94: 776.6 | CC94: 777.4 | CD94: 778.2 | CE94: 779.1 | CF94: 779.9 | CG94: 780.7 | CH94: 781.5 | CI94: 782.3 | CJ94: 783.1 | CK94: 784 | CL94: 784.8 | CM94: 785.6 | CN94: 786.4 | CO94: 787.2 | CP94: 788.1 | CQ94: 789.1 | CR94: 790.1 | CS94: 791.1 | CT94: 792 | CU94: 793 | CV94: 794 | CW94: 795 | CX94: 795.9 | CY94: 796.9 | CZ94: 797.9 | DA94: 798.9 | DB94: 799.8 | DC94: =DB94+1 -> 800.8 | DD94: =DC94+1 -> 801.8 | DE94: =DD94+1 -> 802.8 | DF94: =DE94+1 -> 803.8 | DG94: =DF94+1 -> 804.8 | DH94: =DG94+1 -> 805.8 | DI94: =DH94+1 -> 806.8 | DJ94: =DI94+1 -> 807.8 | ... DL94: =DK94+1 -> 809.8 | DM94: 810.5 | DN94: 811.5 | DO94: 812.5 | DP94: 813.5 | DQ94: 814.4 | DR94: 815.4 | DS94: 816.4 | DT94: 817.3 | DU94: 818.3 | DV94: 819.3 | DW94: 820.3 | DX94: 821.2 | DY94: 822.2 | DZ94: 823.2 | EA94: 824.2 | EB94: 825.1 | EC94: 826.1 | ED94: 827.1 | EE94: 828.1 | EF94: 829 | EG94: 830 | EH94: 831 | EI94: 832 | EJ94: 832.9 | EK94: 833.9 | EL94: 834.9 | EM94: 835.9 | EN94: 836.8 | EO94: 837.8 | EP94: 838.8 | EQ94: 839.8 | ER94: 840.8 | ES94: 841.8 | ET94: 842.8 | EU94: 843.8 | EV94: 844.8 | EW94: 845.7 | EX94: 846.7 | EY94: 847.7 | EZ94: 848.7 | FA94: 849.7 | FB94: 850.7 | FC94: 851.7 | FD94: 852.7 | FE94: 853.7 | FF94: 854.7 | FG94: 855.7 | FH94: 856.7 | FI94: 857.6 | FJ94: 858.6 | FK94: 859.6 | FL94: 860.6 | FM94: 861.6 | FN94: 862.6 | FO94: 863.6 | FP94: 864.6 | FQ94: 865.6 | FR94: 866.6 | FS94: 867.6 | FT94: 868.6 | FU94: 869.5 | FV94: 870.5 | FW94: 871.5 | FX94: 872.5 | FY94: 873.5 | FZ94: 874.5 | GA94: 875.5 | GB94: 876.5 | GC94: 877.5 | GD94: 878.5 | GE94: 879.5 | GF94: 880.5 | GG94: 881.4 | GH94: 882.4 | GI94: 883.4 | GJ94: 884.4 | GK94: 885.4 | GL94: 886.4 | GM94: 887.4 | GN94: 888.4 | GO94: 889.4 | GP94: 890.4 | GQ94: 891.4 | GR94: 892.4 | GS94: 893.4 | GT94: 894.4 | GU94: 895.3 | GV94: 896.3 | GW94: 897.3 | GX94: 898.3 | GY94: 899.3 | GZ94: 900.3 | HA94: 901.3 | HB94: 902.3 | HC94: 903.3 | HD94: 904.3 | HE94: 905.3 | HF94: 906.3 | HG94: 907.3 | HH94: 908.2 | HI94: 909.2 | HJ94: 910.2 | HK94: 911.2 | HL94: 912.2 | HM94: 913.2 | HN94: 914.2 | HO94: 915.2 | HP94: 916.2 | HQ94: 917.2 | HR94: 918.2 | HS94: 919.2 | HT94: 920.2 | HU94: 921.2 | HV94: 922.1 | HW94: 923.1 | HX94: 924.1 | HY94: 925.1 | HZ94: 926.1 | IA94: 927.1 | IB94: 928.1 | IC94: 929.1 | ID94: 930.1 | IE94: 931.1 | IF94: 932.1 | IG94: 933.1 | IH94: 934.1 | II94: 935.1 | IJ94: 936 | IK94: 937 | IL94: 938 | IM94: 939 | IN94: 940 | IO94: 941 | IP94: 942 | IQ94: 943 | IR94: 944 | IS94: 945 | IT94: 946 | IU94: 947 | IV94: 948
A95: 44 | B95: 697 | C95: 697.9 | D95: 698.9 | E95: 699.9 | F95: 700.9 | G95: 701.9 | H95: 702.8 | I95: 703.8 | J95: 704.8 | K95: 707.7 | L95: 711.7 | M95: 712.6 | N95: 713.6 | O95: 714.6 | P95: 715.6 | Q95: 716.6 | R95: 717.5 | S95: 718.5 | T95: 719.5 | U95: 720.5 | V95: 721.4 | W95: 722.4 | X95: 723.4 | Y95: 724.4 | Z95: 725.4 | AA95: 726.3 | AB95: 727.3 | AC95: 728.3 | AD95: 729.3 | AE95: 730.3 | AF95: 731.2 | AG95: 732.2 | AH95: 733.2 | AI95: 734.2 | AJ95: 735.2 | AK95: 736.1 | AL95: 737.1 | AM95: 738.1 | AN95: 739.1 | AO95: 740.1 | AP95: 741.1 | AQ95: 742 | AR95: 743 | AS95: 744 | AT95: 745 | AU95: 746 | AV95: 746.9 | AW95: 747.9 | AX95: 748.9 | AY95: 749.9 | AZ95: 750.9 | BA95: 751.8 | BB95: 752.8 | BC95: 753.8 | BD95: 754.8 | BE95: 755.8 | BF95: 756.7 | BG95: 757.7 | BH95: 758.7 | BI95: 759.7 | BJ95: 760.7 | BK95: 761.7 | BL95: 762.6 | BM95: 763.6 | BN95: 764.6 | BO95: 765.6 | BP95: 766.6 | BQ95: 767.5 | BR95: 768.5 | BS95: 769.5 | BT95: 770.5 | BU95: 771.3 | BV95: 772.1 | BW95: 772.9 | BX95: 773.7 | BY95: 774.5 | BZ95: 775.3 | CA95: 776.2 | CB95: 777 | CC95: 777.8 | CD95: 778.6 | CE95: 779.4 | CF95: 780.2 | CG95: 781 | CH95: 781.8 | CI95: 782.7 | CJ95: 783.5 | CK95: 784.3 | CL95: 785.1 | CM95: 785.9 | CN95: 786.7 | CO95: 787.5 | CP95: 788.5 | CQ95: 789.5 | CR95: 790.5 | CS95: 791.4 | CT95: 792.4 | CU95: 793.4 | CV95: 794.3 | CW95: 795.3 | CX95: 796.3 | CY95: 797.3 | CZ95: 798.2 | DA95: 799.2 | DB95: 800.2 | DC95: =DB95+1 -> 801.2 | DD95: =DC95+1 -> 802.2 | DE95: =DD95+1 -> 803.2 | DF95: =DE95+1 -> 804.2 | DG95: =DF95+1 -> 805.2 | DH95: =DG95+1 -> 806.2 | DI95: =DH95+1 -> 807.2 | DJ95: =DI95+1 -> 808.2 | ... DL95: =DK95+1 -> 810.2 | DM95: 810.9 | DN95: 811.9 | DO95: 812.8 | DP95: 813.8 | DQ95: 814.8 | DR95: 815.8 | DS95: 816.7 | DT95: 817.7 | DU95: 818.7 | DV95: 819.6 | DW95: 820.6 | DX95: 821.6 | DY95: 822.6 | DZ95: 823.5 | EA95: 824.5 | EB95: 825.5 | EC95: 826.5 | ED95: 827.4 | EE95: 828.4 | EF95: 829.4 | EG95: 830.4 | EH95: 831.3 | EI95: 832.3 | EJ95: 833.3 | EK95: 834.3 | EL95: 835.2 | EM95: 836.2 | EN95: 837.2 | EO95: 838.2 | EP95: 839.1 | EQ95: 840.1 | ER95: 841.1 | ES95: 842.1 | ET95: 843.1 | EU95: 844.1 | EV95: 845.1 | EW95: 846.1 | EX95: 847.1 | EY95: 848.1 | EZ95: 849.1 | FA95: 850 | FB95: 851 | FC95: 852 | FD95: 853 | FE95: 854 | FF95: 855 | FG95: 856 | FH95: 857 | FI95: 858 | FJ95: 859 | FK95: 860 | FL95: 861 | FM95: 861.9 | FN95: 862.9 | FO95: 863.9 | FP95: 864.9 | FQ95: 865.9 | FR95: 866.9 | FS95: 867.9 | FT95: 868.9 | FU95: 869.9 | FV95: 870.9 | FW95: 871.9 | FX95: 872.9 | FY95: 873.9 | FZ95: 874.9 | GA95: 875.8 | GB95: 876.8 | GC95: 877.8 | GD95: 878.8 | GE95: 879.8 | GF95: 880.8 | GG95: 881.8 | GH95: 882.8 | GI95: 883.8 | GJ95: 884.8 | GK95: 885.8 | GL95: 886.8 | GM95: 887.7 | GN95: 888.7 | GO95: 889.7 | GP95: 890.7 | GQ95: 891.7 | GR95: 892.7 | GS95: 893.7 | GT95: 894.7 | GU95: 895.7 | GV95: 896.7 | GW95: 897.7 | GX95: 898.7 | GY95: 899.7 | GZ95: 900.6 | HA95: 901.6 | HB95: 902.6 | HC95: 903.6 | HD95: 904.6 | HE95: 905.6 | HF95: 906.6 | HG95: 907.6 | HH95: 908.6 | HI95: 909.6 | HJ95: 910.6 | HK95: 911.6 | HL95: 912.6 | HM95: 913.5 | HN95: 914.5 | HO95: 915.5 | HP95: 916.5 | HQ95: 917.5 | HR95: 918.5 | HS95: 919.5 | HT95: 920.5 | HU95: 921.5 | HV95: 922.5 | HW95: 923.5 | HX95: 924.5 | HY95: 925.5 | HZ95: 926.5 | IA95: 927.4 | IB95: 928.4 | IC95: 929.4 | ID95: 930.4 | IE95: 931.4 | IF95: 932.4 | IG95: 933.4 | IH95: 934.4 | II95: 935.4 | IJ95: 936.4 | IK95: 937.4 | IL95: 938.4 | IM95: 939.4 | IN95: 940.4 | IO95: 941.4 | IP95: 942.3 | IQ95: 943.3 | IR95: 944.3 | IS95: 945.3 | IT95: 946.3 | IU95: 947.3 | IV95: 948.3
A96: 44.5 | B96: 697.4 | C96: 698.4 | D96: 699.4 | E96: 700.4 | F96: 701.3 | G96: 702.3 | H96: 703.3 | I96: 704.3 | J96: 705.3 | K96: 708.2 | L96: 712.1 | M96: 713.1 | N96: 714.1 | O96: 715 | P96: 716 | Q96: 717 | R96: 718 | S96: 719 | T96: 719.9 | U96: 720.9 | V96: 721.9 | W96: 722.9 | X96: 723.9 | Y96: 724.8 | Z96: 725.8 | AA96: 726.8 | AB96: 727.8 | AC96: 728.8 | AD96: 729.7 | AE96: 730.7 | AF96: 731.7 | AG96: 732.7 | AH96: 733.7 | AI96: 734.6 | AJ96: 735.6 | AK96: 736.6 | AL96: 737.6 | AM96: 738.6 | AN96: 739.5 | AO96: 740.5 | AP96: 741.5 | AQ96: 742.5 | AR96: 743.5 | AS96: 744.4 | AT96: 745.4 | AU96: 746.4 | AV96: 747.4 | AW96: 748.4 | AX96: 749.3 | AY96: 750.3 | AZ96: 751.3 | BA96: 752.3 | BB96: 753.3 | BC96: 754.2 | BD96: 755.2 | BE96: 756.2 | BF96: 757.2 | BG96: 758.2 | BH96: 759.2 | BI96: 760.1 | BJ96: 761.1 | BK96: 762.1 | BL96: 763.1 | BM96: 764.1 | BN96: 765 | BO96: 766 | BP96: 767 | BQ96: 768 | BR96: 769 | BS96: 769.9 | BT96: 770.8 | BU96: 771.6 | BV96: 772.4 | BW96: 773.3 | BX96: 774.1 | BY96: 774.9 | BZ96: 775.7 | CA96: 776.5 | CB96: 777.3 | CC96: 778.1 | CD96: 778.9 | CE96: 779.7 | CF96: 780.5 | CG96: 781.3 | CH96: 782.2 | CI96: 783 | CJ96: 783.8 | CK96: 784.6 | CL96: 785.4 | CM96: 786.2 | CN96: 787 | CO96: 787.9 | CP96: 788.9 | CQ96: 789.9 | CR96: 790.8 | CS96: 791.8 | CT96: 792.8 | CU96: 793.7 | CV96: 794.7 | CW96: 795.7 | CX96: 796.6 | CY96: 797.6 | CZ96: 798.6 | DA96: 799.6 | DB96: 800.5 | DC96: =DB96+1 -> 801.5 | DD96: =DC96+1 -> 802.5 | DE96: =DD96+1 -> 803.5 | DF96: =DE96+1 -> 804.5 | DG96: =DF96+1 -> 805.5 | DH96: =DG96+1 -> 806.5 | DI96: =DH96+1 -> 807.5 | DJ96: =DI96+1 -> 808.5 | ... DL96: =DK96+1 -> 810.5 | DM96: 811.2 | DN96: 812.2 | DO96: 813.2 | DP96: 814.2 | DQ96: 815.1 | DR96: 816.1 | DS96: 817.1 | DT96: 818 | DU96: 819 | DV96: 820 | DW96: 821 | DX96: 821.9 | DY96: 822.9 | DZ96: 823.9 | EA96: 824.9 | EB96: 825.8 | EC96: 826.8 | ED96: 827.8 | EE96: 828.8 | EF96: 829.7 | EG96: 830.7 | EH96: 831.7 | EI96: 832.6 | EJ96: 833.6 | EK96: 834.6 | EL96: 835.6 | EM96: 836.5 | EN96: 837.5 | EO96: 838.5 | EP96: 839.5 | EQ96: 840.5 | ER96: 841.5 | ES96: 842.5 | ET96: 843.5 | EU96: 844.5 | EV96: 845.4 | EW96: 846.4 | EX96: 847.4 | EY96: 848.4 | EZ96: 849.4 | FA96: 850.4 | FB96: 851.4 | FC96: 852.4 | FD96: 853.4 | FE96: 854.4 | FF96: 855.4 | FG96: 856.3 | FH96: 857.3 | FI96: 858.3 | FJ96: 859.3 | FK96: 860.3 | FL96: 861.3 | FM96: 862.3 | FN96: 863.3 | FO96: 864.3 | FP96: 865.3 | FQ96: 866.3 | FR96: 867.3 | FS96: 868.2 | FT96: 869.2 | FU96: 870.2 | FV96: 871.2 | FW96: 872.2 | FX96: 873.2 | FY96: 874.2 | FZ96: 875.2 | GA96: 876.2 | GB96: 877.2 | GC96: 878.2 | GD96: 879.2 | GE96: 880.1 | GF96: 881.1 | GG96: 882.1 | GH96: 883.1 | GI96: 884.1 | GJ96: 885.1 | GK96: 886.1 | GL96: 887.1 | GM96: 888.1 | GN96: 889.1 | GO96: 890.1 | GP96: 891.1 | GQ96: 892.1 | GR96: 893 | GS96: 894 | GT96: 895 | GU96: 896 | GV96: 897 | GW96: 898 | GX96: 899 | GY96: 900 | GZ96: 901 | HA96: 902 | HB96: 903 | HC96: 904 | HD96: 905 | HE96: 905.9 | HF96: 906.9 | HG96: 907.9 | HH96: 908.9 | HI96: 909.9 | HJ96: 910.9 | HK96: 911.9 | HL96: 912.9 | HM96: 913.9 | HN96: 914.9 | HO96: 915.9 | HP96: 916.9 | HQ96: 917.9 | HR96: 918.8 | HS96: 919.8 | HT96: 920.8 | HU96: 921.8 | HV96: 922.8 | HW96: 923.8 | HX96: 924.8 | HY96: 925.8 | HZ96: 926.8 | IA96: 927.8 | IB96: 928.8 | IC96: 929.8 | ID96: 930.8 | IE96: 931.8 | IF96: 932.7 | IG96: 933.7 | IH96: 934.7 | II96: 935.7 | IJ96: 936.7 | IK96: 937.7 | IL96: 938.7 | IM96: 939.7 | IN96: 940.7 | IO96: 941.7 | IP96: 942.7 | IQ96: 943.7 | IR96: 944.7 | IS96: 945.7 | IT96: 946.6 | IU96: 947.6 | IV96: 948.6
A97: 45 | B97: 697.9 | C97: 698.9 | D97: 699.8 | E97: 700.8 | F97: 701.8 | G97: 702.8 | H97: 703.8 | I97: 704.7 | J97: 705.7 | K97: 708.6 | L97: 712.6 | M97: 713.5 | N97: 714.5 | O97: 715.5 | P97: 716.5 | Q97: 717.5 | R97: 718.4 | S97: 719.4 | T97: 720.4 | U97: 721.4 | V97: 722.4 | W97: 723.3 | X97: 724.3 | Y97: 725.3 | Z97: 726.3 | AA97: 727.2 | AB97: 728.2 | AC97: 729.2 | AD97: 730.2 | AE97: 731.2 | AF97: 732.1 | AG97: 733.1 | AH97: 734.1 | AI97: 735.1 | AJ97: 736.1 | AK97: 737 | AL97: 738 | AM97: 739 | AN97: 740 | AO97: 741 | AP97: 741.9 | AQ97: 742.9 | AR97: 743.9 | AS97: 744.9 | AT97: 745.9 | AU97: 746.8 | AV97: 747.8 | AW97: 748.8 | AX97: 749.8 | AY97: 750.8 | AZ97: 751.7 | BA97: 752.7 | BB97: 753.7 | BC97: 754.7 | BD97: 755.7 | BE97: 756.6 | BF97: 757.6 | BG97: 758.6 | BH97: 759.6 | BI97: 760.6 | BJ97: 761.6 | BK97: 762.5 | BL97: 763.5 | BM97: 764.5 | BN97: 765.5 | BO97: 766.5 | BP97: 767.4 | BQ97: 768.4 | BR97: 769.4 | BS97: 770.4 | BT97: 771.2 | BU97: 772 | BV97: 772.8 | BW97: 773.6 | BX97: 774.4 | BY97: 775.2 | BZ97: 776 | CA97: 776.8 | CB97: 777.6 | CC97: 778.4 | CD97: 779.3 | CE97: 780.1 | CF97: 780.9 | CG97: 781.7 | CH97: 782.5 | CI97: 783.3 | CJ97: 784.1 | CK97: 784.9 | CL97: 785.7 | CM97: 786.5 | CN97: 787.3 | CO97: 788.3 | CP97: 789.2 | CQ97: 790.2 | CR97: 791.2 | CS97: 792.1 | CT97: 793.1 | CU97: 794.1 | CV97: 795.1 | CW97: 796 | CX97: 797 | CY97: 798 | CZ97: 799 | DA97: 799.9 | DB97: 800.9 | DC97: =DB97+1 -> 801.9 | DD97: =DC97+1 -> 802.9 | DE97: =DD97+1 -> 803.9 | DF97: =DE97+1 -> 804.9 | DG97: =DF97+1 -> 805.9 | DH97: =DG97+1 -> 806.9 | DI97: =DH97+1 -> 807.9 | DJ97: =DI97+1 -> 808.9 | ... DL97: =DK97+1 -> 810.9 | DM97: 811.6 | DN97: 812.6 | DO97: 813.5 | DP97: 814.5 | DQ97: 815.5 | DR97: 816.5 | DS97: 817.4 | DT97: 818.4 | DU97: 819.4 | DV97: 820.3 | DW97: 821.3 | DX97: 822.3 | DY97: 823.3 | DZ97: 824.2 | EA97: 825.2 | EB97: 826.2 | EC97: 827.2 | ED97: 828.1 | EE97: 829.1 | EF97: 830.1 | EG97: 831.1 | EH97: 832 | EI97: 833 | EJ97: 834 | EK97: 834.9 | EL97: 835.9 | EM97: 836.9 | EN97: 837.9 | EO97: 838.8 | EP97: 839.8 | EQ97: 840.8 | ER97: 841.8 | ES97: 842.8 | ET97: 843.8 | EU97: 844.8 | EV97: 845.8 | EW97: 846.8 | EX97: 847.8 | EY97: 848.8 | EZ97: 849.7 | FA97: 850.7 | FB97: 851.7 | FC97: 852.7 | FD97: 853.7 | FE97: 854.7 | FF97: 855.7 | FG97: 856.7 | FH97: 857.7 | FI97: 858.7 | FJ97: 859.7 | FK97: 860.7 | FL97: 861.6 | FM97: 862.6 | FN97: 863.6 | FO97: 864.6 | FP97: 865.6 | FQ97: 866.6 | FR97: 867.6 | FS97: 868.6 | FT97: 869.6 | FU97: 870.6 | FV97: 871.6 | FW97: 872.6 | FX97: 873.6 | FY97: 874.5 | FZ97: 875.5 | GA97: 876.5 | GB97: 877.5 | GC97: 878.5 | GD97: 879.5 | GE97: 880.5 | GF97: 881.5 | GG97: 882.5 | GH97: 883.5 | GI97: 884.5 | GJ97: 885.5 | GK97: 886.4 | GL97: 887.4 | GM97: 888.4 | GN97: 889.4 | GO97: 890.4 | GP97: 891.4 | GQ97: 892.4 | GR97: 893.4 | GS97: 894.4 | GT97: 895.4 | GU97: 896.4 | GV97: 897.4 | GW97: 898.3 | GX97: 899.3 | GY97: 900.3 | GZ97: 901.3 | HA97: 902.3 | HB97: 903.3 | HC97: 904.3 | HD97: 905.3 | HE97: 906.3 | HF97: 907.3 | HG97: 908.3 | HH97: 909.3 | HI97: 910.3 | HJ97: 911.2 | HK97: 912.2 | HL97: 913.2 | HM97: 914.2 | HN97: 915.2 | HO97: 916.2 | HP97: 917.2 | HQ97: 918.2 | HR97: 919.2 | HS97: 920.2 | HT97: 921.2 | HU97: 922.2 | HV97: 923.2 | HW97: 924.1 | HX97: 925.1 | HY97: 926.1 | HZ97: 927.1 | IA97: 928.1 | IB97: 929.1 | IC97: 930.1 | ID97: 931.1 | IE97: 932.1 | IF97: 933.1 | IG97: 934.1 | IH97: 935.1 | II97: 936.1 | IJ97: 937.1 | IK97: 938 | IL97: 939 | IM97: 940 | IN97: 941 | IO97: 942 | IP97: 943 | IQ97: 944 | IR97: 945 | IS97: 946 | IT97: 947 | IU97: 948 | IV97: 949
A98: 45.5 | B98: 698.4 | C98: 699.3 | D98: 700.3 | E98: 701.3 | F98: 702.3 | G98: 703.2 | H98: 704.2 | I98: 705.2 | J98: 706.2 | K98: 709.1 | L98: 713 | M98: 714 | N98: 715 | O98: 715.9 | P98: 716.9 | Q98: 717.9 | R98: 718.9 | S98: 719.9 | T98: 720.8 | U98: 721.8 | V98: 722.8 | W98: 723.8 | X98: 724.8 | Y98: 725.7 | Z98: 726.7 | AA98: 727.7 | AB98: 728.7 | AC98: 729.6 | AD98: 730.6 | AE98: 731.6 | AF98: 732.6 | AG98: 733.6 | AH98: 734.5 | AI98: 735.5 | AJ98: 736.5 | AK98: 737.5 | AL98: 738.5 | AM98: 739.4 | AN98: 740.4 | AO98: 741.4 | AP98: 742.4 | AQ98: 743.4 | AR98: 744.3 | AS98: 745.3 | AT98: 746.3 | AU98: 747.3 | AV98: 748.3 | AW98: 749.2 | AX98: 750.2 | AY98: 751.2 | AZ98: 752.2 | BA98: 753.2 | BB98: 754.1 | BC98: 755.1 | BD98: 756.1 | BE98: 757.1 | BF98: 758.1 | BG98: 759 | BH98: 760 | BI98: 761 | BJ98: 762 | BK98: 763 | BL98: 764 | BM98: 764.9 | BN98: 765.9 | BO98: 766.9 | BP98: 767.9 | BQ98: 768.9 | BR98: 769.8 | BS98: 770.7 | BT98: 771.5 | BU98: 772.3 | BV98: 773.1 | BW98: 773.9 | BX98: 774.8 | BY98: 775.6 | BZ98: 776.4 | CA98: 777.2 | CB98: 778 | CC98: 778.8 | CD98: 779.6 | CE98: 780.4 | CF98: 781.2 | CG98: 782 | CH98: 782.8 | CI98: 783.6 | CJ98: 784.4 | CK98: 785.2 | CL98: 786 | CM98: 786.8 | CN98: 787.7 | CO98: 788.6 | CP98: 789.6 | CQ98: 790.6 | CR98: 791.5 | CS98: 792.5 | CT98: 793.5 | CU98: 794.5 | CV98: 795.4 | CW98: 796.4 | CX98: 797.4 | CY98: 798.3 | CZ98: 799.3 | DA98: 800.3 | DB98: 801.3 | DC98: =DB98+1 -> 802.3 | DD98: =DC98+1 -> 803.3 | DE98: =DD98+1 -> 804.3 | DF98: =DE98+1 -> 805.3 | DG98: =DF98+1 -> 806.3 | DH98: =DG98+1 -> 807.3 | DI98: =DH98+1 -> 808.3 | DJ98: =DI98+1 -> 809.3 | ... DL98: =DK98+1 -> 811.3 | DM98: 811.9 | DN98: 812.9 | DO98: 813.9 | DP98: 814.9 | DQ98: 815.8 | DR98: 816.8 | DS98: 817.8 | DT98: 818.7 | DU98: 819.7 | DV98: 820.7 | DW98: 821.7 | DX98: 822.6 | DY98: 823.6 | DZ98: 824.6 | EA98: 825.6 | EB98: 826.5 | EC98: 827.5 | ED98: 828.5 | EE98: 829.4 | EF98: 830.4 | EG98: 831.4 | EH98: 832.4 | EI98: 833.3 | EJ98: 834.3 | EK98: 835.3 | EL98: 836.3 | EM98: 837.2 | EN98: 838.2 | EO98: 839.2 | EP98: 840.2 | EQ98: 841.2 | ER98: 842.2 | ES98: 843.2 | ET98: 844.2 | EU98: 845.1 | EV98: 846.1 | EW98: 847.1 | EX98: 848.1 | EY98: 849.1 | EZ98: 850.1 | FA98: 851.1 | FB98: 852.1 | FC98: 853.1 | FD98: 854.1 | FE98: 855.1 | FF98: 856 | FG98: 857 | FH98: 858 | FI98: 859 | FJ98: 860 | FK98: 861 | FL98: 862 | FM98: 863 | FN98: 864 | FO98: 865 | FP98: 866 | FQ98: 866.9 | FR98: 867.9 | FS98: 868.9 | FT98: 869.9 | FU98: 870.9 | FV98: 871.9 | FW98: 872.9 | FX98: 873.9 | FY98: 874.9 | FZ98: 875.9 | GA98: 876.9 | GB98: 877.9 | GC98: 878.8 | GD98: 879.8 | GE98: 880.8 | GF98: 881.8 | GG98: 882.8 | GH98: 883.8 | GI98: 884.8 | GJ98: 885.8 | GK98: 886.8 | GL98: 887.8 | GM98: 888.8 | GN98: 889.8 | GO98: 890.7 | GP98: 891.7 | GQ98: 892.7 | GR98: 893.7 | GS98: 894.7 | GT98: 895.7 | GU98: 896.7 | GV98: 897.7 | GW98: 898.7 | GX98: 899.7 | GY98: 900.7 | GZ98: 901.7 | HA98: 902.6 | HB98: 903.6 | HC98: 904.6 | HD98: 905.6 | HE98: 906.6 | HF98: 907.6 | HG98: 908.6 | HH98: 909.6 | HI98: 910.6 | HJ98: 911.6 | HK98: 912.6 | HL98: 913.6 | HM98: 914.6 | HN98: 915.6 | HO98: 916.5 | HP98: 917.5 | HQ98: 918.5 | HR98: 919.5 | HS98: 920.5 | HT98: 921.5 | HU98: 922.5 | HV98: 923.5 | HW98: 924.5 | HX98: 925.5 | HY98: 926.5 | HZ98: 927.5 | IA98: 928.5 | IB98: 929.4 | IC98: 930.4 | ID98: 931.4 | IE98: 932.4 | IF98: 933.4 | IG98: 934.4 | IH98: 935.4 | II98: 936.4 | IJ98: 937.4 | IK98: 938.4 | IL98: 939.4 | IM98: 940.4 | IN98: 941.4 | IO98: 942.4 | IP98: 943.3 | IQ98: 944.3 | IR98: 945.3 | IS98: 946.3 | IT98: 947.3 | IU98: 948.3 | IV98: 949.3
A99: 46 | B99: 698.8 | C99: 699.8 | D99: 700.8 | E99: 701.7 | F99: 702.7 | G99: 703.7 | H99: 704.7 | I99: 705.6 | J99: 706.6 | K99: 709.6 | L99: 713.5 | M99: 714.5 | N99: 715.4 | O99: 716.4 | P99: 717.4 | Q99: 718.4 | R99: 719.3 | S99: 720.3 | T99: 721.3 | U99: 722.3 | V99: 723.2 | W99: 724.2 | X99: 725.2 | Y99: 726.2 | Z99: 727.2 | AA99: 728.1 | AB99: 729.1 | AC99: 730.1 | AD99: 731.1 | AE99: 732.1 | AF99: 733 | AG99: 734 | AH99: 735 | AI99: 736 | AJ99: 737 | AK99: 737.9 | AL99: 738.9 | AM99: 739.9 | AN99: 740.9 | AO99: 741.9 | AP99: 742.8 | AQ99: 743.8 | AR99: 744.8 | AS99: 745.8 | AT99: 746.7 | AU99: 747.7 | AV99: 748.7 | AW99: 749.7 | AX99: 750.7 | AY99: 751.6 | AZ99: 752.6 | BA99: 753.6 | BB99: 754.6 | BC99: 755.6 | BD99: 756.5 | BE99: 757.5 | BF99: 758.5 | BG99: 759.5 | BH99: 760.5 | BI99: 761.4 | BJ99: 762.4 | BK99: 763.4 | BL99: 764.4 | BM99: 765.4 | BN99: 766.4 | BO99: 767.3 | BP99: 768.3 | BQ99: 769.3 | BR99: 770.3 | BS99: 771.1 | BT99: 771.9 | BU99: 772.7 | BV99: 773.5 | BW99: 774.3 | BX99: 775.1 | BY99: 775.9 | BZ99: 776.7 | CA99: 777.5 | CB99: 778.3 | CC99: 779.1 | CD99: 779.9 | CE99: 780.7 | CF99: 781.5 | CG99: 782.3 | CH99: 783.1 | CI99: 783.9 | CJ99: 784.7 | CK99: 785.5 | CL99: 786.3 | CM99: 787.1 | CN99: 788 | CO99: 789 | CP99: 790 | CQ99: 790.9 | CR99: 791.9 | CS99: 792.9 | CT99: 793.8 | CU99: 794.8 | CV99: 795.8 | CW99: 796.8 | CX99: 797.7 | CY99: 798.7 | CZ99: 799.7 | DA99: 800.6 | DB99: 801.6 | DC99: =DB99+1 -> 802.6 | DD99: =DC99+1 -> 803.6 | DE99: =DD99+1 -> 804.6 | DF99: =DE99+1 -> 805.6 | DG99: =DF99+1 -> 806.6 | DH99: =DG99+1 -> 807.6 | DI99: =DH99+1 -> 808.6 | DJ99: =DI99+1 -> 809.6 | ... DL99: =DK99+1 -> 811.6 | DM99: 812.3 | DN99: 813.3 | DO99: 814.2 | DP99: 815.2 | DQ99: 816.2 | DR99: 817.2 | DS99: 818.1 | DT99: 819.1 | DU99: 820.1 | DV99: 821 | DW99: 822 | DX99: 823 | DY99: 824 | DZ99: 824.9 | EA99: 825.9 | EB99: 826.9 | EC99: 827.8 | ED99: 828.8 | EE99: 829.8 | EF99: 830.8 | EG99: 831.7 | EH99: 832.7 | EI99: 833.7 | EJ99: 834.6 | EK99: 835.6 | EL99: 836.6 | EM99: 837.6 | EN99: 838.5 | EO99: 839.5 | EP99: 840.5 | EQ99: 841.5 | ER99: 842.5 | ES99: 843.5 | ET99: 844.5 | EU99: 845.5 | EV99: 846.5 | EW99: 847.5 | EX99: 848.5 | EY99: 849.4 | EZ99: 850.4 | FA99: 851.4 | FB99: 852.4 | FC99: 853.4 | FD99: 854.4 | FE99: 855.4 | FF99: 856.4 | FG99: 857.4 | FH99: 858.4 | FI99: 859.4 | FJ99: 860.4 | FK99: 861.3 | FL99: 862.3 | FM99: 863.3 | FN99: 864.3 | FO99: 865.3 | FP99: 866.3 | FQ99: 867.3 | FR99: 868.3 | FS99: 869.3 | FT99: 870.3 | FU99: 871.3 | FV99: 872.3 | FW99: 873.2 | FX99: 874.2 | FY99: 875.2 | FZ99: 876.2 | GA99: 877.2 | GB99: 878.2 | GC99: 879.2 | GD99: 880.2 | GE99: 881.2 | GF99: 882.2 | GG99: 883.2 | GH99: 884.1 | GI99: 885.1 | GJ99: 886.1 | GK99: 887.1 | GL99: 888.1 | GM99: 889.1 | GN99: 890.1 | GO99: 891.1 | GP99: 892.1 | GQ99: 893.1 | GR99: 894.1 | GS99: 895.1 | GT99: 896 | GU99: 897 | GV99: 898 | GW99: 899 | GX99: 900 | GY99: 901 | GZ99: 902 | HA99: 903 | HB99: 904 | HC99: 905 | HD99: 906 | HE99: 907 | HF99: 908 | HG99: 908.9 | HH99: 909.9 | HI99: 910.9 | HJ99: 911.9 | HK99: 912.9 | HL99: 913.9 | HM99: 914.9 | HN99: 915.9 | HO99: 916.9 | HP99: 917.9 | HQ99: 918.9 | HR99: 919.9 | HS99: 920.8 | HT99: 921.8 | HU99: 922.8 | HV99: 923.8 | HW99: 924.8 | HX99: 925.8 | HY99: 926.8 | HZ99: 927.8 | IA99: 928.8 | IB99: 929.8 | IC99: 930.8 | ID99: 931.8 | IE99: 932.8 | IF99: 933.7 | IG99: 934.7 | IH99: 935.7 | II99: 936.7 | IJ99: 937.7 | IK99: 938.7 | IL99: 939.7 | IM99: 940.7 | IN99: 941.7 | IO99: 942.7 | IP99: 943.7 | IQ99: 944.7 | IR99: 945.7 | IS99: 946.6 | IT99: 947.6 | IU99: 948.6 | IV99: 949.6
A100: 46.5 | B100: 699.3 | C100: 700.2 | D100: 701.2 | E100: 702.2 | F100: 703.2 | G100: 704.2 | H100: 705.1 | I100: 706.1 | J100: 707.1 | K100: 710 | L100: 713.9 | M100: 714.9 | N100: 715.9 | O100: 716.9 | P100: 717.8 | Q100: 718.8 | R100: 719.8 | S100: 720.8 | T100: 721.7 | U100: 722.7 | V100: 723.7 | W100: 724.7 | X100: 725.7 | Y100: 726.6 | Z100: 727.6 | AA100: 728.6 | AB100: 729.6 | AC100: 730.6 | AD100: 731.5 | AE100: 732.5 | AF100: 733.5 | AG100: 734.5 | AH100: 735.4 | AI100: 736.4 | AJ100: 737.4 | AK100: 738.4 | AL100: 739.4 | AM100: 740.3 | AN100: 741.3 | AO100: 742.3 | AP100: 743.3 | AQ100: 744.3 | AR100: 745.2 | AS100: 746.2 | AT100: 747.2 | AU100: 748.2 | AV100: 749.1 | AW100: 750.1 | AX100: 751.1 | AY100: 752.1 | AZ100: 753.1 | BA100: 754 | BB100: 755 | BC100: 756 | BD100: 757 | BE100: 758 | BF100: 758.9 | BG100: 759.9 | BH100: 760.9 | BI100: 761.9 | BJ100: 762.9 | BK100: 763.8 | BL100: 764.8 | BM100: 765.8 | BN100: 766.8 | BO100: 767.8 | BP100: 768.7 | BQ100: 769.7 | BR100: 770.6 | BS100: 771.4 | BT100: 772.2 | BU100: 773 | BV100: 773.8 | BW100: 774.6 | BX100: 775.4 | BY100: 776.2 | BZ100: 777 | CA100: 777.8 | CB100: 778.6 | CC100: 779.4 | CD100: 780.2 | CE100: 781 | CF100: 781.8 | CG100: 782.6 | CH100: 783.4 | CI100: 784.2 | CJ100: 785 | CK100: 785.8 | CL100: 786.6 | CM100: 787.4 | CN100: 788.4 | CO100: 789.4 | CP100: 790.3 | CQ100: 791.3 | CR100: 792.3 | CS100: 793.2 | CT100: 794.2 | CU100: 795.2 | CV100: 796.1 | CW100: 797.1 | CX100: 798.1 | CY100: 799.1 | CZ100: 800 | DA100: 801 | DB100: 802 | DC100: =DB100+1 -> 803 | DD100: =DC100+1 -> 804 | DE100: =DD100+1 -> 805 | DF100: =DE100+1 -> 806 | DG100: =DF100+1 -> 807 | DH100: =DG100+1 -> 808 | DI100: =DH100+1 -> 809 | DJ100: =DI100+1 -> 810 | ... DL100: =DK100+1 -> 812 | DM100: 812.6 | DN100: 813.6 | DO100: 814.6 | DP100: 815.6 | DQ100: 816.5 | DR100: 817.5 | DS100: 818.5 | DT100: 819.4 | DU100: 820.4 | DV100: 821.4 | DW100: 822.4 | DX100: 823.3 | DY100: 824.3 | DZ100: 825.3 | EA100: 826.2 | EB100: 827.2 | EC100: 828.2 | ED100: 829.2 | EE100: 830.1 | EF100: 831.1 | EG100: 832.1 | EH100: 833.1 | EI100: 834 | EJ100: 835 | EK100: 836 | EL100: 836.9 | EM100: 837.9 | EN100: 838.9 | EO100: 839.9 | EP100: 840.9 | EQ100: 841.9 | ER100: 842.9 | ES100: 843.9 | ET100: 844.8 | EU100: 845.8 | EV100: 846.8 | EW100: 847.8 | EX100: 848.8 | EY100: 849.8 | EZ100: 850.8 | FA100: 851.8 | FB100: 852.8 | FC100: 853.8 | FD100: 854.7 | FE100: 855.7 | FF100: 856.7 | FG100: 857.7 | FH100: 858.7 | FI100: 859.7 | FJ100: 860.7 | FK100: 861.7 | FL100: 862.7 | FM100: 863.7 | FN100: 864.7 | FO100: 865.7 | FP100: 866.6 | FQ100: 867.6 | FR100: 868.6 | FS100: 869.6 | FT100: 870.6 | FU100: 871.6 | FV100: 872.6 | FW100: 873.6 | FX100: 874.6 | FY100: 875.6 | FZ100: 876.6 | GA100: 877.5 | GB100: 878.5 | GC100: 879.5 | GD100: 880.5 | GE100: 881.5 | GF100: 882.5 | GG100: 883.5 | GH100: 884.5 | GI100: 885.5 | GJ100: 886.5 | GK100: 887.5 | GL100: 888.4 | GM100: 889.4 | GN100: 890.4 | GO100: 891.4 | GP100: 892.4 | GQ100: 893.4 | GR100: 894.4 | GS100: 895.4 | GT100: 896.4 | GU100: 897.4 | GV100: 898.4 | GW100: 899.4 | GX100: 900.4 | GY100: 901.3 | GZ100: 902.3 | HA100: 903.3 | HB100: 904.3 | HC100: 905.3 | HD100: 906.3 | HE100: 907.3 | HF100: 908.3 | HG100: 909.3 | HH100: 910.3 | HI100: 911.3 | HJ100: 912.3 | HK100: 913.3 | HL100: 914.2 | HM100: 915.2 | HN100: 916.2 | HO100: 917.2 | HP100: 918.2 | HQ100: 919.2 | HR100: 920.2 | HS100: 921.2 | HT100: 922.2 | HU100: 923.2 | HV100: 924.2 | HW100: 925.2 | HX100: 926.1 | HY100: 927.1 | HZ100: 928.1 | IA100: 929.1 | IB100: 930.1 | IC100: 931.1 | ID100: 932.1 | IE100: 933.1 | IF100: 934.1 | IG100: 935.1 | IH100: 936.1 | II100: 937.1 | IJ100: 938.1 | IK100: 939 | IL100: 940 | IM100: 941 | IN100: 942 | IO100: 943 | IP100: 944 | IQ100: 945 | IR100: 946 | IS100: 947 | IT100: 948 | IU100: 949 | IV100: 950
A101: 47 | B101: 699.7 | C101: 700.7 | D101: 701.7 | E101: 702.7 | F101: 703.6 | G101: 704.6 | H101: 705.6 | I101: 706.6 | J101: 707.5 | K101: 710.5 | L101: 714.4 | M101: 715.4 | N101: 716.3 | O101: 717.3 | P101: 718.3 | Q101: 719.3 | R101: 720.2 | S101: 721.2 | T101: 722.2 | U101: 723.2 | V101: 724.1 | W101: 725.1 | X101: 726.1 | Y101: 727.1 | Z101: 728.1 | AA101: 729 | AB101: 730 | AC101: 731 | AD101: 732 | AE101: 733 | AF101: 733.9 | AG101: 734.9 | AH101: 735.9 | AI101: 736.9 | AJ101: 737.8 | AK101: 738.8 | AL101: 739.8 | AM101: 740.8 | AN101: 741.8 | AO101: 742.7 | AP101: 743.7 | AQ101: 744.7 | AR101: 745.7 | AS101: 746.7 | AT101: 747.6 | AU101: 748.6 | AV101: 749.6 | AW101: 750.6 | AX101: 751.5 | AY101: 752.5 | AZ101: 753.5 | BA101: 754.5 | BB101: 755.5 | BC101: 756.4 | BD101: 757.4 | BE101: 758.4 | BF101: 759.4 | BG101: 760.4 | BH101: 761.3 | BI101: 762.3 | BJ101: 763.3 | BK101: 764.3 | BL101: 765.3 | BM101: 766.2 | BN101: 767.2 | BO101: 768.2 | BP101: 769.2 | BQ101: 770.2 | BR101: 771 | BS101: 771.8 | BT101: 772.6 | BU101: 773.4 | BV101: 774.2 | BW101: 775 | BX101: 775.8 | BY101: 776.6 | BZ101: 777.4 | CA101: 778.2 | CB101: 779 | CC101: 779.8 | CD101: 780.6 | CE101: 781.3 | CF101: 782.1 | CG101: 782.9 | CH101: 783.7 | CI101: 784.5 | CJ101: 785.3 | CK101: 786.1 | CL101: 786.9 | CM101: 787.8 | CN101: 788.7 | CO101: 789.7 | CP101: 790.7 | CQ101: 791.7 | CR101: 792.6 | CS101: 793.6 | CT101: 794.6 | CU101: 795.5 | CV101: 796.5 | CW101: 797.5 | CX101: 798.4 | CY101: 799.4 | CZ101: 800.4 | DA101: 801.4 | DB101: 802.3 | DC101: =DB101+1 -> 803.3 | DD101: =DC101+1 -> 804.3 | DE101: =DD101+1 -> 805.3 | DF101: =DE101+1 -> 806.3 | DG101: =DF101+1 -> 807.3 | DH101: =DG101+1 -> 808.3 | DI101: =DH101+1 -> 809.3 | DJ101: =DI101+1 -> 810.3 | ... DL101: =DK101+1 -> 812.3 | DM101: 813 | DN101: 814 | DO101: 814.9 | DP101: 815.9 | DQ101: 816.9 | DR101: 817.9 | DS101: 818.8 | DT101: 819.8 | DU101: 820.8 | DV101: 821.7 | DW101: 822.7 | DX101: 823.7 | DY101: 824.6 | DZ101: 825.6 | EA101: 826.6 | EB101: 827.6 | EC101: 828.5 | ED101: 829.5 | EE101: 830.5 | EF101: 831.4 | EG101: 832.4 | EH101: 833.4 | EI101: 834.4 | EJ101: 835.3 | EK101: 836.3 | EL101: 837.3 | EM101: 838.2 | EN101: 839.2 | EO101: 840.2 | EP101: 841.2 | EQ101: 842.2 | ER101: 843.2 | ES101: 844.2 | ET101: 845.2 | EU101: 846.2 | EV101: 847.2 | EW101: 848.2 | EX101: 849.1 | EY101: 850.1 | EZ101: 851.1 | FA101: 852.1 | FB101: 853.1 | FC101: 854.1 | FD101: 855.1 | FE101: 856.1 | FF101: 857.1 | FG101: 858.1 | FH101: 859.1 | FI101: 860.1 | FJ101: 861 | FK101: 862 | FL101: 863 | FM101: 864 | FN101: 865 | FO101: 866 | FP101: 867 | FQ101: 868 | FR101: 869 | FS101: 870 | FT101: 871 | FU101: 871.9 | FV101: 872.9 | FW101: 873.9 | FX101: 874.9 | FY101: 875.9 | FZ101: 876.9 | GA101: 877.9 | GB101: 878.9 | GC101: 879.9 | GD101: 880.9 | GE101: 881.9 | GF101: 882.8 | GG101: 883.8 | GH101: 884.8 | GI101: 885.8 | GJ101: 886.8 | GK101: 887.8 | GL101: 888.8 | GM101: 889.8 | GN101: 890.8 | GO101: 891.8 | GP101: 892.8 | GQ101: 893.8 | GR101: 894.7 | GS101: 895.7 | GT101: 896.7 | GU101: 897.7 | GV101: 898.7 | GW101: 899.7 | GX101: 900.7 | GY101: 901.7 | GZ101: 902.7 | HA101: 903.7 | HB101: 904.7 | HC101: 905.6 | HD101: 906.6 | HE101: 907.6 | HF101: 908.6 | HG101: 909.6 | HH101: 910.6 | HI101: 911.6 | HJ101: 912.6 | HK101: 913.6 | HL101: 914.6 | HM101: 915.6 | HN101: 916.6 | HO101: 917.6 | HP101: 918.5 | HQ101: 919.5 | HR101: 920.5 | HS101: 921.5 | HT101: 922.5 | HU101: 923.5 | HV101: 924.5 | HW101: 925.5 | HX101: 926.5 | HY101: 927.5 | HZ101: 928.5 | IA101: 929.5 | IB101: 930.4 | IC101: 931.4 | ID101: 932.4 | IE101: 933.4 | IF101: 934.4 | IG101: 935.4 | IH101: 936.4 | II101: 937.4 | IJ101: 938.4 | IK101: 939.4 | IL101: 940.4 | IM101: 941.4 | IN101: 942.4 | IO101: 943.3 | IP101: 944.3 | IQ101: 945.3 | IR101: 946.3 | IS101: 947.3 | IT101: 948.3 | IU101: 949.3 | IV101: 950.3
A102: 47.5 | B102: 700.2 | C102: 701.2 | D102: 702.1 | E102: 703.1 | F102: 704.1 | G102: 705.1 | H102: 706 | I102: 707 | J102: 708 | K102: 710.9 | L102: 714.8 | M102: 715.8 | N102: 716.8 | O102: 717.8 | P102: 718.7 | Q102: 719.7 | R102: 720.7 | S102: 721.7 | T102: 722.6 | U102: 723.6 | V102: 724.6 | W102: 725.6 | X102: 726.6 | Y102: 727.5 | Z102: 728.5 | AA102: 729.5 | AB102: 730.5 | AC102: 731.4 | AD102: 732.4 | AE102: 733.4 | AF102: 734.4 | AG102: 735.4 | AH102: 736.3 | AI102: 737.3 | AJ102: 738.3 | AK102: 739.3 | AL102: 740.2 | AM102: 741.2 | AN102: 742.2 | AO102: 743.2 | AP102: 744.2 | AQ102: 745.1 | AR102: 746.1 | AS102: 747.1 | AT102: 748.1 | AU102: 749.1 | AV102: 750 | AW102: 751 | AX102: 752 | AY102: 753 | AZ102: 753.9 | BA102: 754.9 | BB102: 755.9 | BC102: 756.9 | BD102: 757.9 | BE102: 758.8 | BF102: 759.8 | BG102: 760.8 | BH102: 761.8 | BI102: 762.8 | BJ102: 763.7 | BK102: 764.7 | BL102: 765.7 | BM102: 766.7 | BN102: 767.7 | BO102: 768.6 | BP102: 769.6 | BQ102: 770.6 | BR102: 771.3 | BS102: 772.1 | BT102: 772.9 | BU102: 773.7 | BV102: 774.5 | BW102: 775.3 | BX102: 776.1 | BY102: 776.9 | BZ102: 777.7 | CA102: 778.5 | CB102: 779.3 | CC102: 780.1 | CD102: 780.9 | CE102: 781.7 | CF102: 782.5 | CG102: 783.3 | CH102: 784.1 | CI102: 784.9 | CJ102: 785.6 | CK102: 786.4 | CL102: 787.2 | CM102: 788.1 | CN102: 789.1 | CO102: 790.1 | CP102: 791 | CQ102: 792 | CR102: 793 | CS102: 794 | CT102: 794.9 | CU102: 795.9 | CV102: 796.9 | CW102: 797.8 | CX102: 798.8 | CY102: 799.8 | CZ102: 800.7 | DA102: 801.7 | DB102: 802.7 | DC102: =DB102+1 -> 803.7 | DD102: =DC102+1 -> 804.7 | DE102: =DD102+1 -> 805.7 | DF102: =DE102+1 -> 806.7 | DG102: =DF102+1 -> 807.7 | DH102: =DG102+1 -> 808.7 | DI102: =DH102+1 -> 809.7 | DJ102: =DI102+1 -> 810.7 | ... DL102: =DK102+1 -> 812.7 | DM102: 813.3 | DN102: 814.3 | DO102: 815.3 | DP102: 816.3 | DQ102: 817.2 | DR102: 818.2 | DS102: 819.2 | DT102: 820.1 | DU102: 821.1 | DV102: 822.1 | DW102: 823.1 | DX102: 824 | DY102: 825 | DZ102: 826 | EA102: 826.9 | EB102: 827.9 | EC102: 828.9 | ED102: 829.9 | EE102: 830.8 | EF102: 831.8 | EG102: 832.8 | EH102: 833.7 | EI102: 834.7 | EJ102: 835.7 | EK102: 836.6 | EL102: 837.6 | EM102: 838.6 | EN102: 839.6 | EO102: 840.6 | EP102: 841.6 | EQ102: 842.6 | ER102: 843.6 | ES102: 844.5 | ET102: 845.5 | EU102: 846.5 | EV102: 847.5 | EW102: 848.5 | EX102: 849.5 | EY102: 850.5 | EZ102: 851.5 | FA102: 852.5 | FB102: 853.5 | FC102: 854.4 | FD102: 855.4 | FE102: 856.4 | FF102: 857.4 | FG102: 858.4 | FH102: 859.4 | FI102: 860.4 | FJ102: 861.4 | FK102: 862.4 | FL102: 863.4 | FM102: 864.4 | FN102: 865.3 | FO102: 866.3 | FP102: 867.3 | FQ102: 868.3 | FR102: 869.3 | FS102: 870.3 | FT102: 871.3 | FU102: 872.3 | FV102: 873.3 | FW102: 874.3 | FX102: 875.3 | FY102: 876.2 | FZ102: 877.2 | GA102: 878.2 | GB102: 879.2 | GC102: 880.2 | GD102: 881.2 | GE102: 882.2 | GF102: 883.2 | GG102: 884.2 | GH102: 885.2 | GI102: 886.2 | GJ102: 887.2 | GK102: 888.1 | GL102: 889.1 | GM102: 890.1 | GN102: 891.1 | GO102: 892.1 | GP102: 893.1 | GQ102: 894.1 | GR102: 895.1 | GS102: 896.1 | GT102: 897.1 | GU102: 898.1 | GV102: 899.1 | GW102: 900 | GX102: 901 | GY102: 902 | GZ102: 903 | HA102: 904 | HB102: 905 | HC102: 906 | HD102: 907 | HE102: 908 | HF102: 909 | HG102: 910 | HH102: 910.9 | HI102: 911.9 | HJ102: 912.9 | HK102: 913.9 | HL102: 914.9 | HM102: 915.9 | HN102: 916.9 | HO102: 917.9 | HP102: 918.9 | HQ102: 919.9 | HR102: 920.9 | HS102: 921.9 | HT102: 922.9 | HU102: 923.8 | HV102: 924.8 | HW102: 925.8 | HX102: 926.8 | HY102: 927.8 | HZ102: 928.8 | IA102: 929.8 | IB102: 930.8 | IC102: 931.8 | ID102: 932.8 | IE102: 933.8 | IF102: 934.8 | IG102: 935.7 | IH102: 936.7 | II102: 937.7 | IJ102: 938.7 | IK102: 939.7 | IL102: 940.7 | IM102: 941.7 | IN102: 942.7 | IO102: 943.7 | IP102: 944.7 | IQ102: 945.7 | IR102: 946.7 | IS102: 947.7 | IT102: 948.6 | IU102: 949.6 | IV102: 950.6
... A107: 50 | B107: 702.5 | C107: 703.4 | D107: 704.4 | E107: 705.4 | F107: 706.4 | G107: 707.3 | H107: 708.3 | I107: 709.3 | J107: 710.3 | K107: 713.2 | L107: 717.1 | M107: 718.1 | N107: 719 | O107: 720 | P107: 721 | Q107: 722 | R107: 722.9 | S107: 723.9 | T107: 724.9 | U107: 725.9 | V107: 726.8 | W107: 727.8 | X107: 728.8 | Y107: 729.8 | Z107: 730.8 | AA107: 731.7 | AB107: 732.7 | AC107: 733.7 | AD107: 734.7 | AE107: 735.6 | AF107: 736.6 | AG107: 737.6 | AH107: 738.6 | AI107: 739.5 | AJ107: 740.5 | AK107: 741.5 | AL107: 742.5 | AM107: 743.4 | AN107: 744.4 | AO107: 745.4 | AP107: 746.4 | AQ107: 747.4 | AR107: 748.3 | AS107: 749.3 | AT107: 750.3 | AU107: 751.3 | AV107: 752.2 | AW107: 753.2 | AX107: 754.2 | AY107: 755.2 | AZ107: 756.1 | BA107: 757.1 | BB107: 758.1 | BC107: 759.1 | BD107: 760.1 | BE107: 761 | BF107: 762 | BG107: 763 | BH107: 764 | BI107: 764.9 | BJ107: 765.9 | BK107: 766.9 | BL107: 767.9 | BM107: 768.9 | BN107: 769.8 | BO107: 770.7 | BP107: 771.5 | BQ107: 772.3 | BR107: 773.1 | BS107: 773.8 | BT107: 774.6 | BU107: 775.4 | BV107: 776.2 | BW107: 777 | BX107: 777.8 | BY107: 778.5 | BZ107: 779.3 | CA107: 780.1 | CB107: 780.9 | CC107: 781.7 | CD107: 782.4 | CE107: 783.2 | CF107: 784 | CG107: 784.8 | CH107: 785.6 | CI107: 786.4 | CJ107: 787.1 | CK107: 788 | CL107: 789 | CM107: 790 | CN107: 790.9 | CO107: 791.9 | CP107: 792.8 | CQ107: 793.8 | CR107: 794.8 | CS107: 795.7 | CT107: 796.7 | CU107: 797.7 | CV107: 798.7 | CW107: 799.6 | CX107: 800.6 | CY107: 801.6 | CZ107: 802.5 | DA107: 803.5 | DB107: 804.5 | DC107: =DB107+1 -> 805.5 | DD107: =DC107+1 -> 806.5 | DE107: =DD107+1 -> 807.5 | DF107: =DE107+1 -> 808.5 | DG107: =DF107+1 -> 809.5 | DH107: =DG107+1 -> 810.5 | DI107: =DH107+1 -> 811.5 | DJ107: =DI107+1 -> 812.5 | ... DL107: =DK107+1 -> 814.5 | DM107: 815.1 | DN107: 816.1 | DO107: 817 | DP107: 818 | DQ107: 819 | DR107: 819.9 | DS107: 820.9 | DT107: 821.9 | DU107: 822.8 | DV107: 823.8 | DW107: 824.8 | DX107: 825.8 | DY107: 826.7 | DZ107: 827.7 | EA107: 828.7 | EB107: 829.6 | EC107: 830.6 | ED107: 831.6 | EE107: 832.5 | EF107: 833.5 | EG107: 834.5 | EH107: 835.4 | EI107: 836.4 | EJ107: 837.4 | EK107: 838.4 | EL107: 839.3 | EM107: 840.3 | EN107: 841.3 | EO107: 842.3 | EP107: 843.3 | EQ107: 844.3 | ER107: 845.3 | ES107: 846.3 | ET107: 847.3 | EU107: 848.3 | EV107: 849.2 | EW107: 850.2 | EX107: 851.2 | EY107: 852.2 | EZ107: 853.2 | FA107: 854.2 | FB107: 855.2 | FC107: 856.2 | FD107: 857.2 | FE107: 858.2 | FF107: 859.1 | FG107: 860.1 | FH107: 861.1 | FI107: 862.1 | FJ107: 863.1 | FK107: 864.1 | FL107: 865.1 | FM107: 866.1 | FN107: 867.1 | FO107: 868.1 | FP107: 869 | FQ107: 870 | FR107: 871 | FS107: 872 | FT107: 873 | FU107: 874 | FV107: 875 | FW107: 876 | FX107: 877 | FY107: 878 | FZ107: 878.9 | GA107: 879.9 | GB107: 880.9 | GC107: 881.9 | GD107: 882.9 | GE107: 883.9 | GF107: 884.9 | GG107: 885.9 | GH107: 886.9 | GI107: 887.9 | GJ107: 888.8 | GK107: 889.8 | GL107: 890.8 | GM107: 891.8 | GN107: 892.8 | GO107: 893.8 | GP107: 894.8 | GQ107: 895.8 | GR107: 896.8 | GS107: 897.8 | GT107: 898.8 | GU107: 899.7 | GV107: 900.7 | GW107: 901.7 | GX107: 902.7 | GY107: 903.7 | GZ107: 904.7 | HA107: 905.7 | HB107: 906.7 | HC107: 907.7 | HD107: 908.7 | HE107: 909.7 | HF107: 910.6 | HG107: 911.6 | HH107: 912.6 | HI107: 913.6 | HJ107: 914.6 | HK107: 915.6 | HL107: 916.6 | HM107: 917.6 | HN107: 918.6 | HO107: 919.6 | HP107: 920.6 | HQ107: 921.6 | HR107: 922.5 | HS107: 923.5 | HT107: 924.5 | HU107: 925.5 | HV107: 926.5 | HW107: 927.5 | HX107: 928.5 | HY107: 929.5 | HZ107: 930.5 | IA107: 931.5 | IB107: 932.5 | IC107: 933.5 | ID107: 934.4 | IE107: 935.4 | IF107: 936.4 | IG107: 937.4 | IH107: 938.4 | II107: 939.4 | IJ107: 940.4 | IK107: 941.4 | IL107: 942.4 | IM107: 943.4 | IN107: 944.4 | IO107: 945.4 | IP107: 946.3 | IQ107: 947.3 | IR107: 948.3 | IS107: 949.3 | IT107: 950.3 | IU107: 951.3 | IV107: 952.3
A108: EXTRACT OF ASTM TABLE 53B (1980 EDITION) | DC108: =DB108+1 -> 1 | DD108: =DC108+1 -> 2 | DE108: =DD108+1 -> 3
DC109: =DB109+1 -> 1 | DD109: =DC109+1 -> 2 | DE109: =DD109+1 -> 3
DC110: =DB110+1 -> 1 | DD110: =DC110+1 -> 2 | DE110: =DD110+1 -> 3
B111: 930 | C111: 931 | D111: 932 | E111: 933 | F111: 934 | G111: 935 | H111: 936 | I111: 937 | J111: 938 | K111: 941 | L111: 945 | M111: 946 | N111: 947 | O111: 948 | P111: 949 | Q111: 950 | R111: 951 | S111: 952 | T111: 953 | U111: 954 | V111: 955 | W111: 956 | X111: 957 | Y111: 958 | Z111: 959 | AA111: 960 | AB111: 961 | AC111: 962 | AD111: 963 | AE111: 964 | AF111: 965 | AG111: 966 | AH111: 967 | AI111: 968 | AJ111: 969 | AK111: 970 | AL111: 971 | AM111: 972 | AN111: 973 | AO111: 974 | AP111: 975 | AQ111: 976 | AR111: 977 | AS111: 978 | AT111: 979 | AU111: 980 | AV111: 981 | AW111: 982 | AX111: 983 | AY111: 984 | AZ111: 985 | BA111: 986 | BB111: 987 | BC111: 988 | BD111: 989 | BE111: 990 | BF111: 991 | BG111: 992 | BH111: 993 | BI111: 994 | BJ111: 995 | BK111: 996 | BL111: 997 | BM111: 998 | BN111: 999 | BO111: 1000 | BP111: 1001 | BQ111: 1002 | BR111: 1003 | BS111: 1004 | BT111: 1005 | BU111: 1006 | BV111: 1007 | BW111: 1008 | BX111: 1009 | BY111: 1010 | BZ111: 1011 | CA111: 1012 | CB111: 1013 | CC111: 1014 | CD111: 1015 | CE111: 1016 | CF111: 1017 | CG111: 1018 | CH111: 1019 | CI111: 1020 | CJ111: 1021 | CK111: 1022 | CL111: 1023 | CM111: 1024 | CN111: 1025 | CO111: 1026 | CP111: 1027 | CQ111: 1028 | CR111: 1029 | CS111: 1030 | CT111: 1031 | CU111: 1032 | CV111: 1033 | CW111: 1034 | CX111: 1035 | CY111: 1036 | CZ111: 1037 | DA111: 1038 | DB111: 1039 | DC111: =DB111+1 -> 1040 | DD111: =DC111+1 -> 1041 | DE111: =DD111+1 -> 1042 | DM111: 1040 | DN111: 1041 | DO111: 1042 | DP111: 1043 | DQ111: 1044 | DR111: 1045 | DS111: 1046 | DT111: 1047 | DU111: 1048 | DV111: 1049 | DW111: 1050
A112: 0 | B112: 920 | C112: 921 | D112: 922 | E112: 923 | F112: 924 | G112: 925 | H112: 926 | I112: 927 | J112: 928 | DC112: =DB112+1 -> 1 | DD112: =DC112+1 -> 2 | DE112: =DD112+1 -> 3
A113: 0.5 | B113: 920.3 | C113: 921.4 | D113: 922.4 | E113: 923.4 | F113: 924.4 | G113: 925.4 | H113: 926.4 | I113: 927.4 | J113: 928.4 | DC113: =DB113+1 -> 1 | DD113: =DC113+1 -> 2 | DE113: =DD113+1 -> 3
A114: 1 | B114: 920.7 | C114: 921.7 | D114: 922.7 | E114: 923.7 | F114: 924.7 | G114: 925.7 | H114: 926.7 | I114: 927.7 | J114: 928.7 | DC114: =DB114+1 -> 1 | DD114: =DC114+1 -> 2 | DE114: =DD114+1 -> 3
A115: 1.5 | B115: 921 | C115: 922 | D115: 923 | E115: 924 | F115: 925 | G115: 926 | H115: 927 | I115: 928 | J115: 929 | DC115: =DB115+1 -> 1 | DD115: =DC115+1 -> 2 | DE115: =DD115+1 -> 3
A116: 2 | B116: 921.3 | C116: 922.4 | D116: 923.4 | E116: 924.4 | F116: 925.4 | G116: 926.4 | H116: 927.4 | I116: 928.4 | J116: 929.4 | DC116: =DB116+1 -> 1 | DD116: =DC116+1 -> 2 | DE116: =DD116+1 -> 3
A117: 2.5 | B117: 921.7 | C117: 922.7 | D117: 923.7 | E117: 924.7 | F117: 925.7 | G117: 926.7 | H117: 927.7 | I117: 928.7 | J117: 929.7 | DC117: =DB117+1 -> 1 | DD117: =DC117+1 -> 2 | DE117: =DD117+1 -> 3
A118: 3 | B118: 922 | C118: 923 | D118: 924 | E118: 925 | F118: 926 | G118: 927 | H118: 928 | I118: 929 | J118: 930 | DC118: =DB118+1 -> 1 | DD118: =DC118+1 -> 2 | DE118: =DD118+1 -> 3
A119: 3.5 | B119: 922.3 | C119: 923.3 | D119: 924.3 | E119: 925.3 | F119: 926.3 | G119: 927.4 | H119: 928.4 | I119: 929.4 | J119: 930.4 | DC119: =DB119+1 -> 1 | DD119: =DC119+1 -> 2 | DE119: =DD119+1 -> 3
A120: 4 | B120: 922.7 | C120: 923.7 | D120: 924.7 | E120: 925.7 | F120: 926.7 | G120: 927.7 | H120: 928.7 | I120: 929.7 | J120: 930.7 | DC120: =DB120+1 -> 1 | DD120: =DC120+1 -> 2 | DE120: =DD120+1 -> 3
A121: 4.5 | B121: 923 | C121: 924 | D121: 925 | E121: 926 | F121: 927 | G121: 928 | H121: 929 | I121: 930 | J121: 931 | DC121: =DB121+1 -> 1 | DD121: =DC121+1 -> 2 | DE121: =DD121+1 -> 3
A122: 5 | B122: 923.3 | C122: 924.3 | D122: 925.3 | E122: 926.3 | F122: 927.3 | G122: 928.3 | H122: 929.4 | I122: 930.4 | J122: 931.4 | DC122: =DB122+1 -> 1 | DD122: =DC122+1 -> 2 | DE122: =DD122+1 -> 3
A123: 5.5 | B123: 923.7 | C123: 924.7 | D123: 925.7 | E123: 926.7 | F123: 927.7 | G123: 928.7 | H123: 929.7 | I123: 930.7 | J123: 931.7 | DC123: =DB123+1 -> 1 | DD123: =DC123+1 -> 2 | DE123: =DD123+1 -> 3
... A212: 50 | B212: 953.3 | C212: 954.3 | D212: 955.3 | E212: 956.3 | F212: 957.3 | G212: 958.2 | H212: 959.2 | I212: 960.2 | J212: 961.2 | DC212: =DB212+1 -> 1 | DD212: =DC212+1 -> 2 | DE212: =DD212+1 -> 3
DC213: =DB213+1 -> 1 | DD213: =DC213+1 -> 2 | DE213: =DD213+1 -> 3
A214: 0 | B214: 930 | C214: 931 | D214: 932.1 | E214: 933.1 | F214: 934.1 | G214: 935.1 | H214: 936.1 | I214: 937.1 | J214: 938.1 | DC214: =DB214+1 -> 1 | DD214: =DC214+1 -> 2 | DE214: =DD214+1 -> 3
A215: 0.5 | B215: 930.4 | C215: 931.4 | D215: 932.4 | E215: 933.4 | F215: 934.4 | G215: 935.4 | H215: 936.4 | I215: 937.4 | J215: 938.4 | DC215: =DB215+1 -> 1 | DD215: =DC215+1 -> 2 | DE215: =DD215+1 -> 3
A216: 1 | B216: 930.7 | C216: 931.7 | D216: 932.7 | E216: 933.7 | F216: 934.7 | G216: 935.7 | H216: 936.7 | I216: 937.7 | J216: 938.7 | DC216: =DB216+1 -> 1 | DD216: =DC216+1 -> 2 | DE216: =DD216+1 -> 3
A217: 1.5 | B217: 931 | C217: 932 | D217: 933 | E217: 934.1 | F217: 935.1 | G217: 936.1 | H217: 937.1 | I217: 938.1 | J217: 939.1 | DC217: =DB217+1 -> 1 | DD217: =DC217+1 -> 2 | DE217: =DD217+1 -> 3
A218: 2 | B218: 931.4 | C218: 932.4 | D218: 933.4 | E218: 934.4 | F218: 935.4 | G218: 936.4 | H218: 937.4 | I218: 938.4 | J218: 939.4 | DC218: =DB218+1 -> 1 | DD218: =DC218+1 -> 2 | DE218: =DD218+1 -> 3
A219: 2.5 | B219: 931.7 | C219: 932.7 | D219: 933.7 | E219: 934.7 | F219: 935.7 | G219: 936.7 | H219: 937.7 | I219: 938.7 | J219: 939.7 | DC219: =DB219+1 -> 1 | DD219: =DC219+1 -> 2 | DE219: =DD219+1 -> 3
A220: 3 | B220: 932 | C220: 933 | D220: 934 | E220: 935 | F220: 936.1 | G220: 937.1 | H220: 938.1 | I220: 939.1 | J220: 940.1 | DC220: =DB220+1 -> 1 | DD220: =DC220+1 -> 2 | DE220: =DD220+1 -> 3
A221: 3.5 | B221: 932.4 | C221: 933.4 | D221: 934.4 | E221: 935.4 | F221: 936.4 | G221: 937.4 | H221: 938.4 | I221: 939.4 | J221: 940.4 | DC221: =DB221+1 -> 1 | DD221: =DC221+1 -> 2 | DE221: =DD221+1 -> 3
A222: 4 | B222: 932.7 | C222: 933.7 | D222: 934.7 | E222: 935.7 | F222: 936.7 | G222: 937.7 | H222: 938.7 | I222: 939.7 | J222: 940.7 | DC222: =DB222+1 -> 1 | DD222: =DC222+1 -> 2 | DE222: =DD222+1 -> 3
A223: 4.5 | B223: 933 | C223: 934 | D223: 935 | E223: 936 | F223: 937 | G223: 938 | H223: 939.1 | I223: 940.1 | J223: 941.1 | DC223: =DB223+1 -> 1 | DD223: =DC223+1 -> 2 | DE223: =DD223+1 -> 3
A224: 5 | B224: 933.4 | C224: 934.4 | D224: 935.4 | E224: 936.4 | F224: 937.4 | G224: 938.4 | H224: 939.4 | I224: 940.4 | J224: 941.4 | DC224: =DB224+1 -> 1 | DD224: =DC224+1 -> 2 | DE224: =DD224+1 -> 3
A225: 5.5 | B225: 933.7 | C225: 934.7 | D225: 935.7 | E225: 936.7 | F225: 937.7 | G225: 938.7 | H225: 939.7 | I225: 940.7 | J225: 941.7 | DC225: =DB225+1 -> 1 | DD225: =DC225+1 -> 2 | DE225: =DD225+1 -> 3
... A314: 50 | B314: 963.2 | C314: 964.2 | D314: 965.2 | E314: 966.2 | F314: 967.2 | G314: 968.2 | H314: 969.2 | I314: 970.1 | J314: 971.1 | DC314: =DB314+1 -> 1 | DD314: =DC314+1 -> 2 | DE314: =DD314+1 -> 3
A315: 47.5 | DC315: =DB315+1 -> 1 | DD315: =DC315+1 -> 2 | DE315: =DD315+1 -> 3
A316: 48 | DC316: =DB316+1 -> 1 | DD316: =DC316+1 -> 2 | DE316: =DD316+1 -> 3
A317: 48.5 | DC317: =DB317+1 -> 1 | DD317: =DC317+1 -> 2 | DE317: =DD317+1 -> 3
A318: 49 | DC318: =DB318+1 -> 1 | DD318: =DC318+1 -> 2 | DE318: =DD318+1 -> 3
A319: 49.5 | DC319: =DB319+1 -> 1 | DD319: =DC319+1 -> 2 | DE319: =DD319+1 -> 3
A320: 50 | DC320: =DB320+1 -> 1 | DD320: =DC320+1 -> 2 | DE320: =DD320+1 -> 3
A321: EXTRACT OF ASTM TABLE 53B (1980 EDITION) | DC321: =DB321+1 -> 1 | DD321: =DC321+1 -> 2 | DE321: =DD321+1 -> 3
A322: 957 956 955 954 953 952 951 958 950 | DC322: =DB322+1 -> 1 | DD322: =DC322+1 -> 2 | DE322: =DD322+1 -> 3
A323: 0 | DC323: =DB323+1 -> 1 | DD323: =DC323+1 -> 2 | DE323: =DD323+1 -> 3
A324: 0.5 | DC324: =DB324+1 -> 1 | DD324: =DC324+1 -> 2 | DE324: =DD324+1 -> 3
A325: 1 | DC325: =DB325+1 -> 1 | DD325: =DC325+1 -> 2 | DE325: =DD325+1 -> 3
A326: 1.5 | DC326: =DB326+1 -> 1 | DD326: =DC326+1 -> 2 | DE326: =DD326+1 -> 3
A327: 2 | DC327: =DB327+1 -> 1 | DD327: =DC327+1 -> 2 | DE327: =DD327+1 -> 3
A328: 2.5 | DC328: =DB328+1 -> 1 | DD328: =DC328+1 -> 2 | DE328: =DD328+1 -> 3
A329: 3 | DC329: =DB329+1 -> 1 | DD329: =DC329+1 -> 2 | DE329: =DD329+1 -> 3
A330: 3.5 | DC330: =DB330+1 -> 1 | DD330: =DC330+1 -> 2 | DE330: =DD330+1 -> 3
A331: 4 | DC331: =DB331+1 -> 1 | DD331: =DC331+1 -> 2 | DE331: =DD331+1 -> 3
A332: 4.5 | DC332: =DB332+1 -> 1 | DD332: =DC332+1 -> 2 | DE332: =DD332+1 -> 3
A333: 5 | DC333: =DB333+1 -> 1 | DD333: =DC333+1 -> 2 | DE333: =DD333+1 -> 3
A334: 5.5 | DC334: =DB334+1 -> 1 | DD334: =DC334+1 -> 2 | DE334: =DD334+1 -> 3
... A363: 959 | DC363: =DB363+1 -> 1 | DD363: =DC363+1 -> 2 | DE363: =DD363+1 -> 3
A364: 0.0 940.1 941.1 942.1 943.1 944.1 945.1 946.1 947.1 948.1 949.1 | DC364: =DB364+1 -> 1 | DD364: =DC364+1 -> 2 | DE364: =DD364+1 -> 3
A365: 0.5 940.4 941.4 942.4 943.4 944.4 945.4 946.4 947.4 948.4 949.4 | DC365: =DB365+1 -> 1 | DD365: =DC365+1 -> 2 | DE365: =DD365+1 -> 3
A366: 1.0 940.7 941.7 942.7 943.7 944.8 945.8 946.8 947.8 948.8 949.8 | DC366: =DB366+1 -> 1 | DD366: =DC366+1 -> 2 | DE366: =DD366+1 -> 3
A367: 1.5 941.1 942.1 943.1 944.1 945.1 946.1 947.1 948.1 949.1 950.1 | DC367: =DB367+1 -> 1 | DD367: =DC367+1 -> 2 | DE367: =DD367+1 -> 3
A368: 2.0 941.4 942.4 943.4 944.4 945.4 946.4 947.4 948.4 949.4 950.4 | DC368: =DB368+1 -> 1 | DD368: =DC368+1 -> 2 | DE368: =DD368+1 -> 3
A369: 2.5 941.7 942.7 943.7 944.7 945.7 946.7 947.7 948.8 949.8 950.8 | DC369: =DB369+1 -> 1 | DD369: =DC369+1 -> 2 | DE369: =DD369+1 -> 3
A370: 3.0 942.1 943.1 944.1 945.1 946.1 947.1 948.1 949.1 950.1 951.1 | DC370: =DB370+1 -> 1 | DD370: =DC370+1 -> 2 | DE370: =DD370+1 -> 3
A371: 3.5 942.4 943.4 944.4 945.4 946.4 947.4 948.4 949.4 950.4 951.4 | DC371: =DB371+1 -> 1 | DD371: =DC371+1 -> 2 | DE371: =DD371+1 -> 3
A372: 4.0 942.7 943.7 944.7 945.7 946.7 947.7 948.7 949.7 950.7 951.7 | DC372: =DB372+1 -> 1 | DD372: =DC372+1 -> 2 | DE372: =DD372+1 -> 3
A373: 4.5 943.1 944.1 945.1 946.1 947.1 948.1 949.1 950.1 951.1 952.1 | DC373: =DB373+1 -> 1 | DD373: =DC373+1 -> 2 | DE373: =DD373+1 -> 3
A374: 5.0 943.4 944.4 945.4 946.4 947.4 948.4 949.4 950.4 951.4 952.4 | DC374: =DB374+1 -> 1 | DD374: =DC374+1 -> 2 | DE374: =DD374+1 -> 3
A375: 5.5 943.7 944.7 945.7 946.7 947.7 948.7 949.7 950.7 951.7 952.7 | DC375: =DB375+1 -> 1 | DD375: =DC375+1 -> 2 | DE375: =DD375+1 -> 3
... A405: 20.5 953.6 954.6 955.6 956.6 957.6 958.6 959.6 960.6 961.6 962.6 | DC405: =DB405+1 -> 1 | DD405: =DC405+1 -> 2 | DE405: =DD405+1 -> 3
A406: 20 | DC406: =DB406+1 -> 1 | DD406: =DC406+1 -> 2 | DE406: =DD406+1 -> 3
A407: 20.5 | DC407: =DB407+1 -> 1 | DD407: =DC407+1 -> 2 | DE407: =DD407+1 -> 3
...

Sheet Calculation Sheet 
A1: 1 | B1: 2 | C1: 3 | D1: 4 | E1: 5 | F1: 6 | G1: 7 | H1: 8 | I1: 9 | J1: 10 | K1: 11 | L1: 12
B2: H | C2: L | D2: R | E2: H/R | F2: COSalfa=1-H/R | G2: Alfa | H2: Sin# | I2: Sin#Cos# | J2: F-H | K2: L*R*R*J*1000
K3: qty in Lts | L3: qy/mm in lts
A4: 0.5 | B4: =A4/100 -> 0.005 | C4: ='SO Helper Main'!M3 -> 3.99 | D4: ='SO Helper Main'!M5 -> 0.92 | E4: =B4/D6 -> 0.0054347826 | F4: =1-E4 -> 0.99456522 | G4: =ACOS(F4) -> 0.10430448 | H4: =SIN(G4) -> 0.10411546 | I4: =F4*H4 -> 0.10354961 | J4: =G4-I4 -> 0.00075487082 | K4: L*R*R*J*1000
A5: =A4+0.5 -> 1 | B5: =A5/100 -> 0.01 | C5: =$C$4 -> 3.99 | D5: =$D$4 -> 0.92 | E5: =B5/D5 -> 0.010869565 | F5: =1-E5 -> 0.98913043 | G5: =ACOS(F5) -> 0.14757584 | H5: =SIN(G5) -> 0.14704075 | I5: =F5*H5 -> 0.14544248 | J5: =G5-I5 -> 0.0021333526 | K5: =C5*D5*D5*J5*1000 -> 7.2046218 | L5: 0
A6: =A5+0.5 -> 1.5 | B6: =A6/100 -> 0.015 | C6: =$C$4 -> 3.99 | D6: =$D$4 -> 0.92 | E6: =B6/D6 -> 0.016304348 | F6: =1-E6 -> 0.98369565 | G6: =ACOS(F6) -> 0.18082504 | H6: =SIN(G6) -> 0.17984122 | I6: =F6*H6 -> 0.17690902 | J6: =G6-I6 -> 0.0039160109 | K6: =C6*D6*D6*J6*1000 -> 13.224901 | L6: =(K6-K5)/5 -> 1.2040559
A7: =A6+0.5 -> 2 | B7: =A7/100 -> 0.02 | C7: =$C$4 -> 3.99 | D7: =$D$4 -> 0.92 | E7: =B7/D7 -> 0.02173913 | F7: =1-E7 -> 0.97826087 | G7: =ACOS(F7) -> 0.20889402 | H7: =SIN(G7) -> 0.20737809 | I7: =F7*H7 -> 0.20286987 | J7: =G7-I7 -> 0.0060241493 | K7: =C7*D7*D7*J7*1000 -> 20.344371 | L7: =(K7-K6)/5 -> 1.423894
A8: =A7+0.5 -> 2.5 | B8: =A8/100 -> 0.025 | C8: =$C$4 -> 3.99 | D8: =$D$4 -> 0.92 | E8: =B8/D8 -> 0.027173913 | F8: =1-E8 -> 0.97282609 | G8: =ACOS(F8) -> 0.23365737 | H8: =SIN(G8) -> 0.23153705 | I8: =F8*H8 -> 0.22524528 | J8: =G8-I8 -> 0.0084120885 | K8: =C8*D8*D8*J8*1000 -> 28.408767 | L8: =(K8-K7)/5 -> 1.6128791
A9: =A8+0.5 -> 3 | B9: =A9/100 -> 0.03 | C9: =$C$4 -> 3.99 | D9: =$D$4 -> 0.92 | E9: =B9/D9 -> 0.032608696 | F9: =1-E9 -> 0.9673913 | G9: =ACOS(F9) -> 0.25607606 | H9: =SIN(G9) -> 0.25328653 | I9: =F9*H9 -> 0.24502718 | J9: =G9-I9 -> 0.011048877 | K9: =C9*D9*D9*J9*1000 -> 37.313561 | L9: =(K9-K8)/5 -> 1.7809587
A10: =A9+0.5 -> 3.5 | B10: =A10/100 -> 0.035 | C10: =$C$4 -> 3.99 | D10: =$D$4 -> 0.92 | E10: =B10/D10 -> 0.038043478 | F10: =1-E10 -> 0.96195652 | G10: =ACOS(F10) -> 0.2767207 | H10: =SIN(G10) -> 0.27320258 | I10: =F10*H10 -> 0.262809 | J10: =G10-I10 -> 0.013911697 | K10: =C10*D10*D10*J10*1000 -> 46.981694 | L10: =(K10-K9)/5 -> 1.9336267
A11: =A10+0.5 -> 4 | B11: =A11/100 -> 0.04 | C11: =$C$4 -> 3.99 | D11: =$D$4 -> 0.92 | E11: =B11/D11 -> 0.043478261 | F11: =1-E11 -> 0.95652174 | G11: =ACOS(F11) -> 0.29596292 | H11: =SIN(G11) -> 0.29166104 | I11: =F11*H11 -> 0.27898013 | J11: =G11-I11 -> 0.016982796 | K11: =C11*D11*D11*J11*1000 -> 57.353211 | L11: =(K11-K10)/5 -> 2.0743034
A12: =A11+0.5 -> 4.5 | B12: =A12/100 -> 0.045 | C12: =$C$4 -> 3.99 | D12: =$D$4 -> 0.92 | E12: =B12/D12 -> 0.048913043 | F12: =1-E12 -> 0.95108696 | G12: =ACOS(F12) -> 0.31406074 | H12: =SIN(G12) -> 0.30892329 | I12: =F12*H12 -> 0.29381291 | J12: =G12-I12 -> 0.020247829 | K12: =C12*D12*D12*J12*1000 -> 68.379672 | L12: =(K12-K11)/5 -> 2.2052922
A13: =A12+0.5 -> 5 | B13: =A13/100 -> 0.05 | C13: =$C$4 -> 3.99 | D13: =$D$4 -> 0.92 | E13: =B13/D13 -> 0.054347826 | F13: =1-E13 -> 0.94565217 | G13: =ACOS(F13) -> 0.33120196 | H13: =SIN(G13) -> 0.3251799 | I13: =F13*H13 -> 0.30750708 | J13: =G13-I13 -> 0.023694881 | K13: =C13*D13*D13*J13*1000 -> 80.020837 | L13: =(K13-K12)/5 -> 2.3282329
A14: =A13+0.5 -> 5.5 | B14: =A14/100 -> 0.055 | C14: =$C$4 -> 3.99 | D14: =$D$4 -> 0.92 | E14: =B14/D14 -> 0.059782609 | F14: =1-E14 -> 0.94021739 | G14: =ACOS(F14) -> 0.34752828 | H14: =SIN(G14) -> 0.34057489 | I14: =F14*H14 -> 0.32021444 | J14: =G14-I14 -> 0.027313839 | K14: =C14*D14*D14*J14*1000 -> 92.24255 | L14: =(K14-K13)/5 -> 2.4443426
A15: =A14+0.5 -> 6 | B15: =A15/100 -> 0.06 | C15: =$C$4 -> 3.99 | D15: =$D$4 -> 0.92 | E15: =B15/D15 -> 0.065217391 | F15: =1-E15 -> 0.93478261 | G15: =ACOS(F15) -> 0.36314975 | H15: =SIN(G15) -> 0.35522032 | I15: =F15*H15 -> 0.33205378 | J15: =G15-I15 -> 0.03109597 | K15: =C15*D15*D15*J15*1000 -> 105.01532 | L15: =(K15-K14)/5 -> 2.5545542
A16: =A15+0.5 -> 6.5 | B16: =A16/100 -> 0.065 | C16: =$C$4 -> 3.99 | D16: =$D$4 -> 0.92 | E16: =B16/D16 -> 0.070652174 | F16: =1-E16 -> 0.92934783 | G16: =ACOS(F16) -> 0.37815385 | H16: =SIN(G16) -> 0.36920539 | I16: =F16*H16 -> 0.34312022 | J16: =G16-I16 -> 0.035033629 | K16: =C16*D16*D16*J16*1000 -> 118.31333 | L16: =(K16-K15)/5 -> 2.6596021
A17: =A16+0.5 -> 7 | B17: =A17/100 -> 0.07 | C17: =$C$4 -> 3.99 | D17: =$D$4 -> 0.92 | E17: =B17/D17 -> 0.076086957 | F17: =1-E17 -> 0.92391304 | G17: =ACOS(F17) -> 0.3926115 | H17: =SIN(G17) -> 0.38260252 | I17: =F17*H17 -> 0.35349146 | J17: =G17-I17 -> 0.039120046 | K17: =C17*D17*D17*J17*1000 -> 132.11371 | L17: =(K17-K16)/5 -> 2.7600767
... A1330: =A1329+0.5 -> 663.5 | B1330: =A1330/100 -> 6.635 | C1330: =$C$4 -> 3.99 | D1330: =$D$4 -> 0.92 | E1330: =B1330/D1330 -> 7.2119565 | F1330: =1-E1330 -> -6.2119565 | G1330: =ACOS(F1330) -> #NUM! | H1330: =SIN(G1330) -> #NUM! | I1330: =F1330*H1330 -> #NUM! | J1330: =G1330-I1330 -> #NUM! | K1330: =C1330*D1330*D1330*J1330*1000 -> #NUM! | L1330: =(K1330-K1329)/5 -> #NUM!

Sheet Tank Chart for Print
A1: BHARAT PETROLEUM CORPORATION LIMITED
A2: CALIBRATION CHART FOR U/G STANDARD STEEL TANKS
A3: CAPACITY : | F3: ='SO Helper Main'!$C$5 -> 10KL(1.84D)
A4: =CONCATENATE("Inside Length : ",'SO Helper Main'!$M$3," M and Diameter ",'SO Helper Main'!$M$4," M") -> Inside Length : 3.99 M and Diameter 1.84 M
A5: DIP READING IN CM. | B5: PRODUCT VOL. IN LITRES | C5: VOLUME INCREAMENT / mm. IN LITRES. | D5: DIP READING IN CM. | E5: PRODUCT VOL. IN LITRES | F5: VOLUME INCREAMENT / mm. IN LITRES. | G5: DIP READING IN CM. | H5: PRODUCT VOL. IN LITRES | I5: VOLUME INCREAMENT / mm. IN LITRES.
A6: 0.5 | C6: =VLOOKUP(A6,'Calculation Sheet '!$A:$L,12,0) | D6: =A29 -> 12 | E6: =VLOOKUP(D6,'Calculation Sheet '!$A:$L,11,0) -> 294.04076 | F6: =VLOOKUP(D6,'Calculation Sheet '!$A:$L,12,0) -> 3.5899805 | G6: =D29 -> 23.5 | H6: =VLOOKUP(G6,'Calculation Sheet '!$A:$L,11,0) -> 789.84027 | I6: =VLOOKUP(G6,'Calculation Sheet '!$A:$L,12,0) -> 4.8785091
A7: =A6+0.5 -> 1 | B7: =VLOOKUP(A7,'Calculation Sheet '!$A:$L,11,0) -> 11 | C7: =VLOOKUP(A7,'Calculation Sheet '!$A:$L,12,0) -> 12 | D7: =D6+0.5 -> 12.5 | E7: =VLOOKUP(D7,'Calculation Sheet '!$A:$L,11,0) -> 312.342 | F7: =VLOOKUP(D7,'Calculation Sheet '!$A:$L,12,0) -> 3.6602492 | G7: =G6+0.5 -> 24 | H7: =VLOOKUP(G7,'Calculation Sheet '!$A:$L,11,0) -> 814.45534 | I7: =VLOOKUP(G7,'Calculation Sheet '!$A:$L,12,0) -> 4.923014
A8: =A7+0.5 -> 1.5 | B8: =VLOOKUP(A8,'Calculation Sheet '!$A:$L,11,0) -> 13.224901 | C8: =VLOOKUP(A8,'Calculation Sheet '!$A:$L,12,0) -> 1.2040559 | D8: =D7+0.5 -> 13 | E8: =VLOOKUP(D8,'Calculation Sheet '!$A:$L,11,0) -> 330.98584 | F8: =VLOOKUP(D8,'Calculation Sheet '!$A:$L,12,0) -> 3.728767 | G8: =G7+0.5 -> 24.5 | H8: =VLOOKUP(G8,'Calculation Sheet '!$A:$L,11,0) -> 839.28934 | I8: =VLOOKUP(G8,'Calculation Sheet '!$A:$L,12,0) -> 4.9667997
A9: =A8+0.5 -> 2 | B9: =VLOOKUP(A9,'Calculation Sheet '!$A:$L,11,0) -> 20.344371 | C9: =VLOOKUP(A9,'Calculation Sheet '!$A:$L,12,0) -> 1.423894 | D9: =D8+0.5 -> 13.5 | E9: =VLOOKUP(D9,'Calculation Sheet '!$A:$L,11,0) -> 349.96398 | F9: =VLOOKUP(D9,'Calculation Sheet '!$A:$L,12,0) -> 3.7956286 | G9: =G8+0.5 -> 25 | H9: =VLOOKUP(G9,'Calculation Sheet '!$A:$L,11,0) -> 864.33876 | I9: =VLOOKUP(G9,'Calculation Sheet '!$A:$L,12,0) -> 5.0098849
A10: =A9+0.5 -> 2.5 | B10: =VLOOKUP(A10,'Calculation Sheet '!$A:$L,11,0) -> 28.408767 | C10: =VLOOKUP(A10,'Calculation Sheet '!$A:$L,12,0) -> 1.6128791 | D10: =D9+0.5 -> 14 | E10: =VLOOKUP(D10,'Calculation Sheet '!$A:$L,11,0) -> 369.26858 | F10: =VLOOKUP(D10,'Calculation Sheet '!$A:$L,12,0) -> 3.8609201 | G10: =G9+0.5 -> 25.5 | H10: =VLOOKUP(G10,'Calculation Sheet '!$A:$L,11,0) -> 889.6002 | I10: =VLOOKUP(G10,'Calculation Sheet '!$A:$L,12,0) -> 5.0522876
A11: =A10+0.5 -> 3 | B11: =VLOOKUP(A11,'Calculation Sheet '!$A:$L,11,0) -> 37.313561 | C11: =VLOOKUP(A11,'Calculation Sheet '!$A:$L,12,0) -> 1.7809587 | D11: =D10+0.5 -> 14.5 | E11: =VLOOKUP(D11,'Calculation Sheet '!$A:$L,11,0) -> 388.89218 | F11: =VLOOKUP(D11,'Calculation Sheet '!$A:$L,12,0) -> 3.9247199 | G11: =G10+0.5 -> 26 | H11: =VLOOKUP(G11,'Calculation Sheet '!$A:$L,11,0) -> 915.07032 | I11: =VLOOKUP(G11,'Calculation Sheet '!$A:$L,12,0) -> 5.0940249
A12: =A11+0.5 -> 3.5 | B12: =VLOOKUP(A12,'Calculation Sheet '!$A:$L,11,0) -> 46.981694 | C12: =VLOOKUP(A12,'Calculation Sheet '!$A:$L,12,0) -> 1.9336267 | D12: =D11+0.5 -> 15 | E12: =VLOOKUP(D12,'Calculation Sheet '!$A:$L,11,0) -> 408.82768 | F12: =VLOOKUP(D12,'Calculation Sheet '!$A:$L,12,0) -> 3.9870997 | G12: =G11+0.5 -> 26.5 | H12: =VLOOKUP(G12,'Calculation Sheet '!$A:$L,11,0) -> 940.74589 | I12: =VLOOKUP(G12,'Calculation Sheet '!$A:$L,12,0) -> 5.1351129
A13: =A12+0.5 -> 4 | B13: =VLOOKUP(A13,'Calculation Sheet '!$A:$L,11,0) -> 57.353211 | C13: =VLOOKUP(A13,'Calculation Sheet '!$A:$L,12,0) -> 2.0743034 | D13: =D12+0.5 -> 15.5 | E13: =VLOOKUP(D13,'Calculation Sheet '!$A:$L,11,0) -> 429.0683 | F13: =VLOOKUP(D13,'Calculation Sheet '!$A:$L,12,0) -> 4.0481251 | G13: =G12+0.5 -> 27 | H13: =VLOOKUP(G13,'Calculation Sheet '!$A:$L,11,0) -> 966.62372 | I13: =VLOOKUP(G13,'Calculation Sheet '!$A:$L,12,0) -> 5.1755671
A14: =A13+0.5 -> 4.5 | B14: =VLOOKUP(A14,'Calculation Sheet '!$A:$L,11,0) -> 68.379672 | C14: =VLOOKUP(A14,'Calculation Sheet '!$A:$L,12,0) -> 2.2052922 | D14: =D13+0.5 -> 16 | E14: =VLOOKUP(D14,'Calculation Sheet '!$A:$L,11,0) -> 449.60759 | F14: =VLOOKUP(D14,'Calculation Sheet '!$A:$L,12,0) -> 4.1078564 | G14: =G13+0.5 -> 27.5 | H14: =VLOOKUP(G14,'Calculation Sheet '!$A:$L,11,0) -> 992.70074 | I14: =VLOOKUP(G14,'Calculation Sheet '!$A:$L,12,0) -> 5.2154024
A15: =A14+0.5 -> 5 | B15: =VLOOKUP(A15,'Calculation Sheet '!$A:$L,11,0) -> 80.020837 | C15: =VLOOKUP(A15,'Calculation Sheet '!$A:$L,12,0) -> 2.3282329 | D15: =D14+0.5 -> 16.5 | E15: =VLOOKUP(D15,'Calculation Sheet '!$A:$L,11,0) -> 470.43933 | F15: =VLOOKUP(D15,'Calculation Sheet '!$A:$L,12,0) -> 4.1663494 | G15: =G14+0.5 -> 28 | H15: =VLOOKUP(G15,'Calculation Sheet '!$A:$L,11,0) -> 1018.9739 | I15: =VLOOKUP(G15,'Calculation Sheet '!$A:$L,12,0) -> 5.2546327
A16: =A15+0.5 -> 5.5 | B16: =VLOOKUP(A16,'Calculation Sheet '!$A:$L,11,0) -> 92.24255 | C16: =VLOOKUP(A16,'Calculation Sheet '!$A:$L,12,0) -> 2.4443426 | D16: =D15+0.5 -> 17 | E16: =VLOOKUP(D16,'Calculation Sheet '!$A:$L,11,0) -> 491.55761 | F16: =VLOOKUP(D16,'Calculation Sheet '!$A:$L,12,0) -> 4.2236554 | G16: =G15+0.5 -> 28.5 | H16: =VLOOKUP(G16,'Calculation Sheet '!$A:$L,11,0) -> 1045.4403 | I16: =VLOOKUP(G16,'Calculation Sheet '!$A:$L,12,0) -> 5.2932715
A17: =A16+0.5 -> 6 | B17: =VLOOKUP(A17,'Calculation Sheet '!$A:$L,11,0) -> 105.01532 | C17: =VLOOKUP(A17,'Calculation Sheet '!$A:$L,12,0) -> 2.5545542 | D17: =D16+0.5 -> 17.5 | E17: =VLOOKUP(D17,'Calculation Sheet '!$A:$L,11,0) -> 512.95672 | F17: =VLOOKUP(D17,'Calculation Sheet '!$A:$L,12,0) -> 4.2798223 | G17: =G16+0.5 -> 29 | H17: =VLOOKUP(G17,'Calculation Sheet '!$A:$L,11,0) -> 1072.0969 | I17: =VLOOKUP(G17,'Calculation Sheet '!$A:$L,12,0) -> 5.3313316
A18: =A17+0.5 -> 6.5 | B18: =VLOOKUP(A18,'Calculation Sheet '!$A:$L,11,0) -> 118.31333 | C18: =VLOOKUP(A18,'Calculation Sheet '!$A:$L,12,0) -> 2.6596021 | D18: =D17+0.5 -> 18 | E18: =VLOOKUP(D18,'Calculation Sheet '!$A:$L,11,0) -> 534.63119 | F18: =VLOOKUP(D18,'Calculation Sheet '!$A:$L,12,0) -> 4.3348942 | G18: =G17+0.5 -> 29.5 | H18: =VLOOKUP(G18,'Calculation Sheet '!$A:$L,11,0) -> 1098.941 | I18: =VLOOKUP(G18,'Calculation Sheet '!$A:$L,12,0) -> 5.3688255
... A29: =A28+0.5 -> 12 | B29: =VLOOKUP(A29,'Calculation Sheet '!$A:$L,11,0) -> 294.04076 | C29: =VLOOKUP(A29,'Calculation Sheet '!$A:$L,12,0) -> 3.5899805 | D29: =D28+0.5 -> 23.5 | E29: =VLOOKUP(D29,'Calculation Sheet '!$A:$L,11,0) -> 789.84027 | F29: =VLOOKUP(D29,'Calculation Sheet '!$A:$L,12,0) -> 4.8785091 | G29: =G28+0.5 -> 35 | H29: =VLOOKUP(G29,'Calculation Sheet '!$A:$L,11,0) -> 1405.844 | I29: =VLOOKUP(G29,'Calculation Sheet '!$A:$L,12,0) -> 5.7469318
A30: BHARAT PETROLEUM CORPORATION LIMITED
A31: CALIBRATION CHART FOR U/G STANDARD STEEL TANKS
A32: CAPACITY : | F32: ='SO Helper Main'!$C$5 -> 10KL(1.84D)
A33: =CONCATENATE("Inside Length : ",'SO Helper Main'!$M$3," M and Diameter ",'SO Helper Main'!$M$4," M") -> Inside Length : 3.99 M and Diameter 1.84 M
A34: DIP READING IN CM. | B34: PRODUCT VOL. IN LITRES | C34: VOLUME INCREAMENT / mm. IN LITRES. | D34: DIP READING IN CM. | E34: PRODUCT VOL. IN LITRES | F34: VOLUME INCREAMENT / mm. IN LITRES. | G34: DIP READING IN CM. | H34: PRODUCT VOL. IN LITRES | I34: VOLUME INCREAMENT / mm. IN LITRES.
A35: =G29 -> 35 | B35: =VLOOKUP(A35,'Calculation Sheet '!$A:$L,11,0) -> 1405.844 | C35: =VLOOKUP(A35,'Calculation Sheet '!$A:$L,12,0) -> 5.7469318 | D35: =A58 -> 46.5 | E35: =VLOOKUP(D35,'Calculation Sheet '!$A:$L,11,0) -> 2106.0331 | F35: =VLOOKUP(D35,'Calculation Sheet '!$A:$L,12,0) -> 6.3694747 | G35: =D58 -> 58 | H35: =VLOOKUP(G35,'Calculation Sheet '!$A:$L,11,0) -> 2866.6937 | I35: =VLOOKUP(G35,'Calculation Sheet '!$A:$L,12,0) -> 6.8138702
A36: =A35+0.5 -> 35.5 | B36: =VLOOKUP(A36,'Calculation Sheet '!$A:$L,11,0) -> 1434.7361 | C36: =VLOOKUP(A36,'Calculation Sheet '!$A:$L,12,0) -> 5.7784259 | D36: =D35+0.5 -> 47 | E36: =VLOOKUP(D36,'Calculation Sheet '!$A:$L,11,0) -> 2137.994 | F36: =VLOOKUP(D36,'Calculation Sheet '!$A:$L,12,0) -> 6.3921793 | G36: =G35+0.5 -> 58.5 | H36: =VLOOKUP(G36,'Calculation Sheet '!$A:$L,11,0) -> 2900.8424 | I36: =VLOOKUP(G36,'Calculation Sheet '!$A:$L,12,0) -> 6.8297395
A37: =A36+0.5 -> 36 | B37: =VLOOKUP(A37,'Calculation Sheet '!$A:$L,11,0) -> 1463.7835 | C37: =VLOOKUP(A37,'Calculation Sheet '!$A:$L,12,0) -> 5.8094752 | D37: =D36+0.5 -> 47.5 | E37: =VLOOKUP(D37,'Calculation Sheet '!$A:$L,11,0) -> 2170.0668 | F37: =VLOOKUP(D37,'Calculation Sheet '!$A:$L,12,0) -> 6.4145552 | G37: =G36+0.5 -> 59 | H37: =VLOOKUP(G37,'Calculation Sheet '!$A:$L,11,0) -> 2935.0691 | I37: =VLOOKUP(G37,'Calculation Sheet '!$A:$L,12,0) -> 6.8453394
A38: =A37+0.5 -> 36.5 | B38: =VLOOKUP(A38,'Calculation Sheet '!$A:$L,11,0) -> 1492.984 | C38: =VLOOKUP(A38,'Calculation Sheet '!$A:$L,12,0) -> 5.8400869 | D38: =D37+0.5 -> 48 | E38: =VLOOKUP(D38,'Calculation Sheet '!$A:$L,11,0) -> 2202.2498 | F38: =VLOOKUP(D38,'Calculation Sheet '!$A:$L,12,0) -> 6.4366061 | G38: =G37+0.5 -> 59.5 | H38: =VLOOKUP(G38,'Calculation Sheet '!$A:$L,11,0) -> 2969.3724 | I38: =VLOOKUP(G38,'Calculation Sheet '!$A:$L,12,0) -> 6.8606718
A39: =A38+0.5 -> 37 | B39: =VLOOKUP(A39,'Calculation Sheet '!$A:$L,11,0) -> 1522.3353 | C39: =VLOOKUP(A39,'Calculation Sheet '!$A:$L,12,0) -> 5.8702677 | D39: =D38+0.5 -> 48.5 | E39: =VLOOKUP(D39,'Calculation Sheet '!$A:$L,11,0) -> 2234.5415 | F39: =VLOOKUP(D39,'Calculation Sheet '!$A:$L,12,0) -> 6.4583351 | G39: =G38+0.5 -> 60 | H39: =VLOOKUP(G39,'Calculation Sheet '!$A:$L,11,0) -> 3003.7511 | I39: =VLOOKUP(G39,'Calculation Sheet '!$A:$L,12,0) -> 6.8757385
A40: =A39+0.5 -> 37.5 | B40: =VLOOKUP(A40,'Calculation Sheet '!$A:$L,11,0) -> 1551.8354 | C40: =VLOOKUP(A40,'Calculation Sheet '!$A:$L,12,0) -> 5.9000243 | D40: =D39+0.5 -> 49 | E40: =VLOOKUP(D40,'Calculation Sheet '!$A:$L,11,0) -> 2266.9402 | F40: =VLOOKUP(D40,'Calculation Sheet '!$A:$L,12,0) -> 6.4797456 | G40: =G39+0.5 -> 60.5 | H40: =VLOOKUP(G40,'Calculation Sheet '!$A:$L,11,0) -> 3038.2038 | I40: =VLOOKUP(G40,'Calculation Sheet '!$A:$L,12,0) -> 6.8905412
A41: =A40+0.5 -> 38 | B41: =VLOOKUP(A41,'Calculation Sheet '!$A:$L,11,0) -> 1581.4822 | C41: =VLOOKUP(A41,'Calculation Sheet '!$A:$L,12,0) -> 5.9293632 | D41: =D40+0.5 -> 49.5 | E41: =VLOOKUP(D41,'Calculation Sheet '!$A:$L,11,0) -> 2299.4444 | F41: =VLOOKUP(D41,'Calculation Sheet '!$A:$L,12,0) -> 6.5008407 | G41: =G40+0.5 -> 61 | H41: =VLOOKUP(G41,'Calculation Sheet '!$A:$L,11,0) -> 3072.7292 | I41: =VLOOKUP(G41,'Calculation Sheet '!$A:$L,12,0) -> 6.9050816
A42: =A41+0.5 -> 38.5 | B42: =VLOOKUP(A42,'Calculation Sheet '!$A:$L,11,0) -> 1611.2737 | C42: =VLOOKUP(A42,'Calculation Sheet '!$A:$L,12,0) -> 5.9582903 | D42: =D41+0.5 -> 50 | E42: =VLOOKUP(D42,'Calculation Sheet '!$A:$L,11,0) -> 2332.0526 | F42: =VLOOKUP(D42,'Calculation Sheet '!$A:$L,12,0) -> 6.5216235 | G42: =G41+0.5 -> 61.5 | H42: =VLOOKUP(G42,'Calculation Sheet '!$A:$L,11,0) -> 3107.326 | I42: =VLOOKUP(G42,'Calculation Sheet '!$A:$L,12,0) -> 6.9193613
A43: =A42+0.5 -> 39 | B43: =VLOOKUP(A43,'Calculation Sheet '!$A:$L,11,0) -> 1641.2077 | C43: =VLOOKUP(A43,'Calculation Sheet '!$A:$L,12,0) -> 5.9868118 | D43: =D42+0.5 -> 50.5 | E43: =VLOOKUP(D43,'Calculation Sheet '!$A:$L,11,0) -> 2364.7631 | F43: =VLOOKUP(D43,'Calculation Sheet '!$A:$L,12,0) -> 6.5420969 | G43: =G42+0.5 -> 62 | H43: =VLOOKUP(G43,'Calculation Sheet '!$A:$L,11,0) -> 3141.9929 | I43: =VLOOKUP(G43,'Calculation Sheet '!$A:$L,12,0) -> 6.9333821
A44: =A43+0.5 -> 39.5 | B44: =VLOOKUP(A44,'Calculation Sheet '!$A:$L,11,0) -> 1671.2824 | C44: =VLOOKUP(A44,'Calculation Sheet '!$A:$L,12,0) -> 6.0149334 | D44: =D43+0.5 -> 51 | E44: =VLOOKUP(D44,'Calculation Sheet '!$A:$L,11,0) -> 2397.5744 | F44: =VLOOKUP(D44,'Calculation Sheet '!$A:$L,12,0) -> 6.5622638 | G44: =G43+0.5 -> 62.5 | H44: =VLOOKUP(G44,'Calculation Sheet '!$A:$L,11,0) -> 3176.7287 | I44: =VLOOKUP(G44,'Calculation Sheet '!$A:$L,12,0) -> 6.9471454
A45: =A44+0.5 -> 40 | B45: =VLOOKUP(A45,'Calculation Sheet '!$A:$L,11,0) -> 1701.4957 | C45: =VLOOKUP(A45,'Calculation Sheet '!$A:$L,12,0) -> 6.0426606 | D45: =D44+0.5 -> 51.5 | E45: =VLOOKUP(D45,'Calculation Sheet '!$A:$L,11,0) -> 2430.485 | F45: =VLOOKUP(D45,'Calculation Sheet '!$A:$L,12,0) -> 6.5821271 | G45: =G44+0.5 -> 63 | H45: =VLOOKUP(G45,'Calculation Sheet '!$A:$L,11,0) -> 3211.5319 | I45: =VLOOKUP(G45,'Calculation Sheet '!$A:$L,12,0) -> 6.9606528
A46: =A45+0.5 -> 40.5 | B46: =VLOOKUP(A46,'Calculation Sheet '!$A:$L,11,0) -> 1731.8457 | C46: =VLOOKUP(A46,'Calculation Sheet '!$A:$L,12,0) -> 6.069999 | D46: =D45+0.5 -> 52 | E46: =VLOOKUP(D46,'Calculation Sheet '!$A:$L,11,0) -> 2463.4935 | F46: =VLOOKUP(D46,'Calculation Sheet '!$A:$L,12,0) -> 6.6016895 | G46: =G45+0.5 -> 63.5 | H46: =VLOOKUP(G46,'Calculation Sheet '!$A:$L,11,0) -> 3246.4015 | I46: =VLOOKUP(G46,'Calculation Sheet '!$A:$L,12,0) -> 6.9739057
A47: =A46+0.5 -> 41 | B47: =VLOOKUP(A47,'Calculation Sheet '!$A:$L,11,0) -> 1762.3305 | C47: =VLOOKUP(A47,'Calculation Sheet '!$A:$L,12,0) -> 6.0969536 | D47: =D46+0.5 -> 52.5 | E47: =VLOOKUP(D47,'Calculation Sheet '!$A:$L,11,0) -> 2496.5982 | F47: =VLOOKUP(D47,'Calculation Sheet '!$A:$L,12,0) -> 6.6209536 | G47: =G46+0.5 -> 64 | H47: =VLOOKUP(G47,'Calculation Sheet '!$A:$L,11,0) -> 3281.336 | I47: =VLOOKUP(G47,'Calculation Sheet '!$A:$L,12,0) -> 6.9869056
... A58: =A57+0.5 -> 46.5 | B58: =VLOOKUP(A58,'Calculation Sheet '!$A:$L,11,0) -> 2106.0331 | C58: =VLOOKUP(A58,'Calculation Sheet '!$A:$L,12,0) -> 6.3694747 | D58: =D57+0.5 -> 58 | E58: =VLOOKUP(D58,'Calculation Sheet '!$A:$L,11,0) -> 2866.6937 | F58: =VLOOKUP(D58,'Calculation Sheet '!$A:$L,12,0) -> 6.8138702 | G58: =G57+0.5 -> 69.5 | H58: =VLOOKUP(G58,'Calculation Sheet '!$A:$L,11,0) -> 3669.5507 | I58: =VLOOKUP(G58,'Calculation Sheet '!$A:$L,12,0) -> 7.1135849
A59: BHARAT PETROLEUM CORPORATION LIMITED
A60: CALIBRATION CHART FOR U/G STANDARD STEEL TANKS
A61: CAPACITY : | F61: ='SO Helper Main'!$C$5 -> 10KL(1.84D)
A62: =CONCATENATE("Inside Length : ",'SO Helper Main'!$M$3," M and Diameter ",'SO Helper Main'!$M$4," M") -> Inside Length : 3.99 M and Diameter 1.84 M
A63: DIP READING IN CM. | B63: PRODUCT VOL. IN LITRES | C63: VOLUME INCREAMENT / mm. IN LITRES. | D63: DIP READING IN CM. | E63: PRODUCT VOL. IN LITRES | F63: VOLUME INCREAMENT / mm. IN LITRES. | G63: DIP READING IN CM. | H63: PRODUCT VOL. IN LITRES | I63: VOLUME INCREAMENT / mm. IN LITRES.
A64: =G58 -> 69.5 | B64: =VLOOKUP(A64,'Calculation Sheet '!$A:$L,11,0) -> 3669.5507 | C64: =VLOOKUP(A64,'Calculation Sheet '!$A:$L,12,0) -> 7.1135849 | D64: =A87 -> 81 | E64: =VLOOKUP(D64,'Calculation Sheet '!$A:$L,11,0) -> 4499.1451 | F64: =VLOOKUP(D64,'Calculation Sheet '!$A:$L,12,0) -> 7.2864944 | G64: =D87 -> 92.5 | H64: =VLOOKUP(G64,'Calculation Sheet '!$A:$L,11,0) -> 5341.5006 | I64: =VLOOKUP(G64,'Calculation Sheet '!$A:$L,12,0) -> 7.3415639
A65: =A64+0.5 -> 70 | B65: =VLOOKUP(A65,'Calculation Sheet '!$A:$L,11,0) -> 3705.1689 | C65: =VLOOKUP(A65,'Calculation Sheet '!$A:$L,12,0) -> 7.1236488 | D65: =D64+0.5 -> 81.5 | E65: =VLOOKUP(D65,'Calculation Sheet '!$A:$L,11,0) -> 4535.6016 | F65: =VLOOKUP(D65,'Calculation Sheet '!$A:$L,12,0) -> 7.2912996 | G65: =G64+0.5 -> 93 | H65: =VLOOKUP(G65,'Calculation Sheet '!$A:$L,11,0) -> 5378.2074 | I65: =VLOOKUP(G65,'Calculation Sheet '!$A:$L,12,0) -> 7.341347
A66: =A65+0.5 -> 70.5 | B66: =VLOOKUP(A66,'Calculation Sheet '!$A:$L,11,0) -> 3740.8363 | C66: =VLOOKUP(A66,'Calculation Sheet '!$A:$L,12,0) -> 7.1334752 | D66: =D65+0.5 -> 82 | E66: =VLOOKUP(D66,'Calculation Sheet '!$A:$L,11,0) -> 4572.081 | F66: =VLOOKUP(D66,'Calculation Sheet '!$A:$L,12,0) -> 7.2958834 | G66: =G65+0.5 -> 93.5 | H66: =VLOOKUP(G66,'Calculation Sheet '!$A:$L,11,0) -> 5414.9119 | I66: =VLOOKUP(G66,'Calculation Sheet '!$A:$L,12,0) -> 7.3409133
A67: =A66+0.5 -> 71 | B67: =VLOOKUP(A67,'Calculation Sheet '!$A:$L,11,0) -> 3776.5516 | C67: =VLOOKUP(A67,'Calculation Sheet '!$A:$L,12,0) -> 7.1430653 | D67: =D66+0.5 -> 82.5 | E67: =VLOOKUP(D67,'Calculation Sheet '!$A:$L,11,0) -> 4608.5823 | F67: =VLOOKUP(D67,'Calculation Sheet '!$A:$L,12,0) -> 7.3002462 | G67: =G66+0.5 -> 94 | H67: =VLOOKUP(G67,'Calculation Sheet '!$A:$L,11,0) -> 5451.6133 | I67: =VLOOKUP(G67,'Calculation Sheet '!$A:$L,12,0) -> 7.3402626
A68: =A67+0.5 -> 71.5 | B68: =VLOOKUP(A68,'Calculation Sheet '!$A:$L,11,0) -> 3812.3137 | C68: =VLOOKUP(A68,'Calculation Sheet '!$A:$L,12,0) -> 7.15242 | D68: =D67+0.5 -> 83 | E68: =VLOOKUP(D68,'Calculation Sheet '!$A:$L,11,0) -> 4645.1042 | F68: =VLOOKUP(D68,'Calculation Sheet '!$A:$L,12,0) -> 7.3043885 | G68: =G67+0.5 -> 94.5 | H68: =VLOOKUP(G68,'Calculation Sheet '!$A:$L,11,0) -> 5488.3102 | I68: =VLOOKUP(G68,'Calculation Sheet '!$A:$L,12,0) -> 7.339395
A69: =A68+0.5 -> 72 | B69: =VLOOKUP(A69,'Calculation Sheet '!$A:$L,11,0) -> 3848.1214 | C69: =VLOOKUP(A69,'Calculation Sheet '!$A:$L,12,0) -> 7.1615401 | D69: =D68+0.5 -> 83.5 | E69: =VLOOKUP(D69,'Calculation Sheet '!$A:$L,11,0) -> 4681.6458 | F69: =VLOOKUP(D69,'Calculation Sheet '!$A:$L,12,0) -> 7.3083106 | G69: =G68+0.5 -> 95 | H69: =VLOOKUP(G69,'Calculation Sheet '!$A:$L,11,0) -> 5525.0018 | I69: =VLOOKUP(G69,'Calculation Sheet '!$A:$L,12,0) -> 7.3383104
A70: =A69+0.5 -> 72.5 | B70: =VLOOKUP(A70,'Calculation Sheet '!$A:$L,11,0) -> 3883.9736 | C70: =VLOOKUP(A70,'Calculation Sheet '!$A:$L,12,0) -> 7.1704266 | D70: =D69+0.5 -> 84 | E70: =VLOOKUP(D70,'Calculation Sheet '!$A:$L,11,0) -> 4718.2058 | F70: =VLOOKUP(D70,'Calculation Sheet '!$A:$L,12,0) -> 7.3120129 | G70: =G69+0.5 -> 95.5 | H70: =VLOOKUP(G70,'Calculation Sheet '!$A:$L,11,0) -> 5561.6868 | I70: =VLOOKUP(G70,'Calculation Sheet '!$A:$L,12,0) -> 7.3370086
A71: =A70+0.5 -> 73 | B71: =VLOOKUP(A71,'Calculation Sheet '!$A:$L,11,0) -> 3919.869 | C71: =VLOOKUP(A71,'Calculation Sheet '!$A:$L,12,0) -> 7.1790804 | D71: =D70+0.5 -> 84.5 | E71: =VLOOKUP(D71,'Calculation Sheet '!$A:$L,11,0) -> 4754.7833 | F71: =VLOOKUP(D71,'Calculation Sheet '!$A:$L,12,0) -> 7.3154956 | G71: =G70+0.5 -> 96 | H71: =VLOOKUP(G71,'Calculation Sheet '!$A:$L,11,0) -> 5598.3643 | I71: =VLOOKUP(G71,'Calculation Sheet '!$A:$L,12,0) -> 7.3354896
A72: =A71+0.5 -> 73.5 | B72: =VLOOKUP(A72,'Calculation Sheet '!$A:$L,11,0) -> 3955.8065 | C72: =VLOOKUP(A72,'Calculation Sheet '!$A:$L,12,0) -> 7.1875022 | D72: =D71+0.5 -> 85 | E72: =VLOOKUP(D72,'Calculation Sheet '!$A:$L,11,0) -> 4791.3771 | F72: =VLOOKUP(D72,'Calculation Sheet '!$A:$L,12,0) -> 7.3187593 | G72: =G71+0.5 -> 96.5 | H72: =VLOOKUP(G72,'Calculation Sheet '!$A:$L,11,0) -> 5635.033 | I72: =VLOOKUP(G72,'Calculation Sheet '!$A:$L,12,0) -> 7.3337531
A73: =A72+0.5 -> 74 | B73: =VLOOKUP(A73,'Calculation Sheet '!$A:$L,11,0) -> 3991.785 | C73: =VLOOKUP(A73,'Calculation Sheet '!$A:$L,12,0) -> 7.195693 | D73: =D72+0.5 -> 85.5 | E73: =VLOOKUP(D73,'Calculation Sheet '!$A:$L,11,0) -> 4827.9861 | F73: =VLOOKUP(D73,'Calculation Sheet '!$A:$L,12,0) -> 7.321804 | G73: =G72+0.5 -> 97 | H73: =VLOOKUP(G73,'Calculation Sheet '!$A:$L,11,0) -> 5671.692 | I73: =VLOOKUP(G73,'Calculation Sheet '!$A:$L,12,0) -> 7.3317991
A74: =A73+0.5 -> 74.5 | B74: =VLOOKUP(A74,'Calculation Sheet '!$A:$L,11,0) -> 4027.8032 | C74: =VLOOKUP(A74,'Calculation Sheet '!$A:$L,12,0) -> 7.2036534 | D74: =D73+0.5 -> 86 | E74: =VLOOKUP(D74,'Calculation Sheet '!$A:$L,11,0) -> 4864.6093 | F74: =VLOOKUP(D74,'Calculation Sheet '!$A:$L,12,0) -> 7.3246301 | G74: =G73+0.5 -> 97.5 | H74: =VLOOKUP(G74,'Calculation Sheet '!$A:$L,11,0) -> 5708.3402 | I74: =VLOOKUP(G74,'Calculation Sheet '!$A:$L,12,0) -> 7.3296274
A75: =A74+0.5 -> 75 | B75: =VLOOKUP(A75,'Calculation Sheet '!$A:$L,11,0) -> 4063.8601 | C75: =VLOOKUP(A75,'Calculation Sheet '!$A:$L,12,0) -> 7.2113843 | D75: =D74+0.5 -> 86.5 | E75: =VLOOKUP(D75,'Calculation Sheet '!$A:$L,11,0) -> 4901.2455 | F75: =VLOOKUP(D75,'Calculation Sheet '!$A:$L,12,0) -> 7.3272378 | G75: =G74+0.5 -> 98 | H75: =VLOOKUP(G75,'Calculation Sheet '!$A:$L,11,0) -> 5744.9764 | I75: =VLOOKUP(G75,'Calculation Sheet '!$A:$L,12,0) -> 7.3272378
A76: =A75+0.5 -> 75.5 | B76: =VLOOKUP(A76,'Calculation Sheet '!$A:$L,11,0) -> 4099.9546 | C76: =VLOOKUP(A76,'Calculation Sheet '!$A:$L,12,0) -> 7.2188863 | D76: =D75+0.5 -> 87 | E76: =VLOOKUP(D76,'Calculation Sheet '!$A:$L,11,0) -> 4937.8936 | F76: =VLOOKUP(D76,'Calculation Sheet '!$A:$L,12,0) -> 7.3296274 | G76: =G75+0.5 -> 98.5 | H76: =VLOOKUP(G76,'Calculation Sheet '!$A:$L,11,0) -> 5781.5995 | I76: =VLOOKUP(G76,'Calculation Sheet '!$A:$L,12,0) -> 7.3246301
... A87: =A86+0.5 -> 81 | B87: =VLOOKUP(A87,'Calculation Sheet '!$A:$L,11,0) -> 4499.1451 | C87: =VLOOKUP(A87,'Calculation Sheet '!$A:$L,12,0) -> 7.2864944 | D87: =D86+0.5 -> 92.5 | E87: =VLOOKUP(D87,'Calculation Sheet '!$A:$L,11,0) -> 5341.5006 | F87: =VLOOKUP(D87,'Calculation Sheet '!$A:$L,12,0) -> 7.3415639 | G87: =G86+0.5 -> 104 | H87: =VLOOKUP(G87,'Calculation Sheet '!$A:$L,11,0) -> 6183.2803 | I87: =VLOOKUP(G87,'Calculation Sheet '!$A:$L,12,0) -> 7.2814674
A88: BHARAT PETROLEUM CORPORATION LIMITED
A89: CALIBRATION CHART FOR U/G STANDARD STEEL TANKS
A90: CAPACITY : | F90: ='SO Helper Main'!$C$5 -> 10KL(1.84D)
A91: =CONCATENATE("Inside Length : ",'SO Helper Main'!$M$3," M and Diameter ",'SO Helper Main'!$M$4," M") -> Inside Length : 3.99 M and Diameter 1.84 M
A92: DIP READING IN CM. | B92: PRODUCT VOL. IN LITRES | C92: VOLUME INCREAMENT / mm. IN LITRES. | D92: DIP READING IN CM. | E92: PRODUCT VOL. IN LITRES | F92: VOLUME INCREAMENT / mm. IN LITRES. | G92: DIP READING IN CM. | H92: PRODUCT VOL. IN LITRES | I92: VOLUME INCREAMENT / mm. IN LITRES.
A93: =G87 -> 104 | B93: =VLOOKUP(A93,'Calculation Sheet '!$A:$L,11,0) -> 6183.2803 | C93: =VLOOKUP(A93,'Calculation Sheet '!$A:$L,12,0) -> 7.2814674 | D93: =A116 -> 115.5 | E93: =VLOOKUP(D93,'Calculation Sheet '!$A:$L,11,0) -> 7011.1193 | F93: =VLOOKUP(D93,'Calculation Sheet '!$A:$L,12,0) -> 7.1032827 | G93: =D116 -> 127 | H93: =VLOOKUP(G93,'Calculation Sheet '!$A:$L,11,0) -> 7810.95 | I93: =VLOOKUP(G93,'Calculation Sheet '!$A:$L,12,0) -> 6.7977297
A94: =A93+0.5 -> 104.5 | B94: =VLOOKUP(A94,'Calculation Sheet '!$A:$L,11,0) -> 6219.6614 | C94: =VLOOKUP(A94,'Calculation Sheet '!$A:$L,12,0) -> 7.2762182 | D94: =D93+0.5 -> 116 | E94: =VLOOKUP(D94,'Calculation Sheet '!$A:$L,11,0) -> 7046.583 | F94: =VLOOKUP(D94,'Calculation Sheet '!$A:$L,12,0) -> 7.0927411 | G94: =G93+0.5 -> 127.5 | H94: =VLOOKUP(G94,'Calculation Sheet '!$A:$L,11,0) -> 7844.8566 | I94: =VLOOKUP(G94,'Calculation Sheet '!$A:$L,12,0) -> 6.781316
A95: =A94+0.5 -> 105 | B95: =VLOOKUP(A95,'Calculation Sheet '!$A:$L,11,0) -> 6256.0151 | C95: =VLOOKUP(A95,'Calculation Sheet '!$A:$L,12,0) -> 7.2707462 | D95: =D94+0.5 -> 116.5 | E95: =VLOOKUP(D95,'Calculation Sheet '!$A:$L,11,0) -> 7081.9928 | F95: =VLOOKUP(D95,'Calculation Sheet '!$A:$L,12,0) -> 7.0819589 | G95: =G94+0.5 -> 128 | H95: =VLOOKUP(G95,'Calculation Sheet '!$A:$L,11,0) -> 7878.6797 | I95: =VLOOKUP(G95,'Calculation Sheet '!$A:$L,12,0) -> 6.7646272
A96: =A95+0.5 -> 105.5 | B96: =VLOOKUP(A96,'Calculation Sheet '!$A:$L,11,0) -> 6292.3404 | C96: =VLOOKUP(A96,'Calculation Sheet '!$A:$L,12,0) -> 7.265051 | D96: =D95+0.5 -> 117 | E96: =VLOOKUP(D96,'Calculation Sheet '!$A:$L,11,0) -> 7117.3475 | F96: =VLOOKUP(D96,'Calculation Sheet '!$A:$L,12,0) -> 7.0709352 | G96: =G95+0.5 -> 128.5 | H96: =VLOOKUP(G96,'Calculation Sheet '!$A:$L,11,0) -> 7912.418 | I96: =VLOOKUP(G96,'Calculation Sheet '!$A:$L,12,0) -> 6.7476611
A97: =A96+0.5 -> 106 | B97: =VLOOKUP(A97,'Calculation Sheet '!$A:$L,11,0) -> 6328.6361 | C97: =VLOOKUP(A97,'Calculation Sheet '!$A:$L,12,0) -> 7.259132 | D97: =D96+0.5 -> 117.5 | E97: =VLOOKUP(D97,'Calculation Sheet '!$A:$L,11,0) -> 7152.6458 | F97: =VLOOKUP(D97,'Calculation Sheet '!$A:$L,12,0) -> 7.0596688 | G97: =G96+0.5 -> 129 | H97: =VLOOKUP(G97,'Calculation Sheet '!$A:$L,11,0) -> 7946.0701 | I97: =VLOOKUP(G97,'Calculation Sheet '!$A:$L,12,0) -> 6.7304158
A98: =A97+0.5 -> 106.5 | B98: =VLOOKUP(A98,'Calculation Sheet '!$A:$L,11,0) -> 6364.901 | C98: =VLOOKUP(A98,'Calculation Sheet '!$A:$L,12,0) -> 7.2529887 | D98: =D97+0.5 -> 118 | E98: =VLOOKUP(D98,'Calculation Sheet '!$A:$L,11,0) -> 7187.8866 | F98: =VLOOKUP(D98,'Calculation Sheet '!$A:$L,12,0) -> 7.0481585 | G98: =G97+0.5 -> 129.5 | H98: =VLOOKUP(G98,'Calculation Sheet '!$A:$L,11,0) -> 7979.6345 | I98: =VLOOKUP(G98,'Calculation Sheet '!$A:$L,12,0) -> 6.712889
A99: =A98+0.5 -> 107 | B99: =VLOOKUP(A99,'Calculation Sheet '!$A:$L,11,0) -> 6401.1341 | C99: =VLOOKUP(A99,'Calculation Sheet '!$A:$L,12,0) -> 7.2466204 | D99: =D98+0.5 -> 118.5 | E99: =VLOOKUP(D99,'Calculation Sheet '!$A:$L,11,0) -> 7223.0686 | F99: =VLOOKUP(D99,'Calculation Sheet '!$A:$L,12,0) -> 7.0364031 | G99: =G98+0.5 -> 130 | H99: =VLOOKUP(G99,'Calculation Sheet '!$A:$L,11,0) -> 8013.1099 | I99: =VLOOKUP(G99,'Calculation Sheet '!$A:$L,12,0) -> 6.6950785
A100: =A99+0.5 -> 107.5 | B100: =VLOOKUP(A100,'Calculation Sheet '!$A:$L,11,0) -> 6437.3342 | C100: =VLOOKUP(A100,'Calculation Sheet '!$A:$L,12,0) -> 7.2400267 | D100: =D99+0.5 -> 119 | E100: =VLOOKUP(D100,'Calculation Sheet '!$A:$L,11,0) -> 7258.1906 | F100: =VLOOKUP(D100,'Calculation Sheet '!$A:$L,12,0) -> 7.0244014 | G100: =G99+0.5 -> 130.5 | H100: =VLOOKUP(G100,'Calculation Sheet '!$A:$L,11,0) -> 8046.4948 | I100: =VLOOKUP(G100,'Calculation Sheet '!$A:$L,12,0) -> 6.6769821
A101: =A100+0.5 -> 108 | B101: =VLOOKUP(A101,'Calculation Sheet '!$A:$L,11,0) -> 6473.5003 | C101: =VLOOKUP(A101,'Calculation Sheet '!$A:$L,12,0) -> 7.2332069 | D101: =D100+0.5 -> 119.5 | E101: =VLOOKUP(D101,'Calculation Sheet '!$A:$L,11,0) -> 7293.2514 | F101: =VLOOKUP(D101,'Calculation Sheet '!$A:$L,12,0) -> 7.0121521 | G101: =G100+0.5 -> 131 | H101: =VLOOKUP(G101,'Calculation Sheet '!$A:$L,11,0) -> 8079.7878 | I101: =VLOOKUP(G101,'Calculation Sheet '!$A:$L,12,0) -> 6.6585974
A102: =A101+0.5 -> 108.5 | B102: =VLOOKUP(A102,'Calculation Sheet '!$A:$L,11,0) -> 6509.6311 | C102: =VLOOKUP(A102,'Calculation Sheet '!$A:$L,12,0) -> 7.2261603 | D102: =D101+0.5 -> 120 | E102: =VLOOKUP(D102,'Calculation Sheet '!$A:$L,11,0) -> 7328.2497 | F102: =VLOOKUP(D102,'Calculation Sheet '!$A:$L,12,0) -> 6.999654 | G102: =G101+0.5 -> 131.5 | H102: =VLOOKUP(G102,'Calculation Sheet '!$A:$L,11,0) -> 8112.9874 | I102: =VLOOKUP(G102,'Calculation Sheet '!$A:$L,12,0) -> 6.639922
A103: =A102+0.5 -> 109 | B103: =VLOOKUP(A103,'Calculation Sheet '!$A:$L,11,0) -> 6545.7255 | C103: =VLOOKUP(A103,'Calculation Sheet '!$A:$L,12,0) -> 7.2188863 | D103: =D102+0.5 -> 120.5 | E103: =VLOOKUP(D103,'Calculation Sheet '!$A:$L,11,0) -> 7363.1842 | F103: =VLOOKUP(D103,'Calculation Sheet '!$A:$L,12,0) -> 6.9869056 | G103: =G102+0.5 -> 132 | H103: =VLOOKUP(G103,'Calculation Sheet '!$A:$L,11,0) -> 8146.0922 | I103: =VLOOKUP(G103,'Calculation Sheet '!$A:$L,12,0) -> 6.6209536
A104: =A103+0.5 -> 109.5 | B104: =VLOOKUP(A104,'Calculation Sheet '!$A:$L,11,0) -> 6581.7824 | C104: =VLOOKUP(A104,'Calculation Sheet '!$A:$L,12,0) -> 7.2113843 | D104: =D103+0.5 -> 121 | E104: =VLOOKUP(D104,'Calculation Sheet '!$A:$L,11,0) -> 7398.0537 | F104: =VLOOKUP(D104,'Calculation Sheet '!$A:$L,12,0) -> 6.9739057 | G104: =G103+0.5 -> 132.5 | H104: =VLOOKUP(G104,'Calculation Sheet '!$A:$L,11,0) -> 8179.1006 | I104: =VLOOKUP(G104,'Calculation Sheet '!$A:$L,12,0) -> 6.6016895
A105: =A104+0.5 -> 110 | B105: =VLOOKUP(A105,'Calculation Sheet '!$A:$L,11,0) -> 6617.8007 | C105: =VLOOKUP(A105,'Calculation Sheet '!$A:$L,12,0) -> 7.2036534 | D105: =D104+0.5 -> 121.5 | E105: =VLOOKUP(D105,'Calculation Sheet '!$A:$L,11,0) -> 7432.857 | F105: =VLOOKUP(D105,'Calculation Sheet '!$A:$L,12,0) -> 6.9606528 | G105: =G104+0.5 -> 133 | H105: =VLOOKUP(G105,'Calculation Sheet '!$A:$L,11,0) -> 8212.0113 | I105: =VLOOKUP(G105,'Calculation Sheet '!$A:$L,12,0) -> 6.5821271
... A116: =A115+0.5 -> 115.5 | B116: =VLOOKUP(A116,'Calculation Sheet '!$A:$L,11,0) -> 7011.1193 | C116: =VLOOKUP(A116,'Calculation Sheet '!$A:$L,12,0) -> 7.1032827 | D116: =D115+0.5 -> 127 | E116: =VLOOKUP(D116,'Calculation Sheet '!$A:$L,11,0) -> 7810.95 | F116: =VLOOKUP(D116,'Calculation Sheet '!$A:$L,12,0) -> 6.7977297 | G116: =G115+0.5 -> 138.5 | H116: =VLOOKUP(G116,'Calculation Sheet '!$A:$L,11,0) -> 8567.1321 | I116: =VLOOKUP(G116,'Calculation Sheet '!$A:$L,12,0) -> 6.3464382
A117: BHARAT PETROLEUM CORPORATION LIMITED
A118: CALIBRATION CHART FOR U/G STANDARD STEEL TANKS
A119: CAPACITY : | F119: ='SO Helper Main'!$C$5 -> 10KL(1.84D)
A120: =CONCATENATE("Inside Length : ",'SO Helper Main'!$M$3," M and Diameter ",'SO Helper Main'!$M$4," M") -> Inside Length : 3.99 M and Diameter 1.84 M
A121: DIP READING IN CM. | B121: PRODUCT VOL. IN LITRES | C121: VOLUME INCREAMENT / mm. IN LITRES. | D121: DIP READING IN CM. | E121: PRODUCT VOL. IN LITRES | F121: VOLUME INCREAMENT / mm. IN LITRES. | G121: DIP READING IN CM. | H121: PRODUCT VOL. IN LITRES | I121: VOLUME INCREAMENT / mm. IN LITRES.
A122: =G116 -> 138.5 | B122: =VLOOKUP(A122,'Calculation Sheet '!$A:$L,11,0) -> 8567.1321 | C122: =VLOOKUP(A122,'Calculation Sheet '!$A:$L,12,0) -> 6.3464382 | D122: =A145 -> 150 | E122: =VLOOKUP(D122,'Calculation Sheet '!$A:$L,11,0) -> 9261.0512 | F122: =VLOOKUP(D122,'Calculation Sheet '!$A:$L,12,0) -> 5.7149856 | G122: =D145 -> 161.5 | H122: =VLOOKUP(G122,'Calculation Sheet '!$A:$L,11,0) -> 9868.3043 | I122: =VLOOKUP(G122,'Calculation Sheet '!$A:$L,12,0) -> 4.833265
A123: =A122+0.5 -> 139 | B123: =VLOOKUP(A123,'Calculation Sheet '!$A:$L,11,0) -> 8598.7474 | C123: =VLOOKUP(A123,'Calculation Sheet '!$A:$L,12,0) -> 6.3230659 | D123: =D122+0.5 -> 150.5 | E123: =VLOOKUP(D123,'Calculation Sheet '!$A:$L,11,0) -> 9289.4641 | F123: =VLOOKUP(D123,'Calculation Sheet '!$A:$L,12,0) -> 5.6825796 | G123: =G122+0.5 -> 162 | H123: =VLOOKUP(G123,'Calculation Sheet '!$A:$L,11,0) -> 9892.2406 | I123: =VLOOKUP(G123,'Calculation Sheet '!$A:$L,12,0) -> 4.7872608
A124: =A123+0.5 -> 139.5 | B124: =VLOOKUP(A124,'Calculation Sheet '!$A:$L,11,0) -> 8630.2442 | C124: =VLOOKUP(A124,'Calculation Sheet '!$A:$L,12,0) -> 6.2993542 | D124: =D123+0.5 -> 151 | E124: =VLOOKUP(D124,'Calculation Sheet '!$A:$L,11,0) -> 9317.7127 | F124: =VLOOKUP(D124,'Calculation Sheet '!$A:$L,12,0) -> 5.6497061 | G124: =G123+0.5 -> 162.5 | H124: =VLOOKUP(G124,'Calculation Sheet '!$A:$L,11,0) -> 9915.9429 | I124: =VLOOKUP(G124,'Calculation Sheet '!$A:$L,12,0) -> 4.7404743
A125: =A124+0.5 -> 140 | B125: =VLOOKUP(A125,'Calculation Sheet '!$A:$L,11,0) -> 8661.6207 | C125: =VLOOKUP(A125,'Calculation Sheet '!$A:$L,12,0) -> 6.2752992 | D125: =D124+0.5 -> 151.5 | E125: =VLOOKUP(D125,'Calculation Sheet '!$A:$L,11,0) -> 9345.7944 | F125: =VLOOKUP(D125,'Calculation Sheet '!$A:$L,12,0) -> 5.6163566 | G125: =G124+0.5 -> 163 | H125: =VLOOKUP(G125,'Calculation Sheet '!$A:$L,11,0) -> 9939.4073 | I125: =VLOOKUP(G125,'Calculation Sheet '!$A:$L,12,0) -> 4.6928822
A126: =A125+0.5 -> 140.5 | B126: =VLOOKUP(A126,'Calculation Sheet '!$A:$L,11,0) -> 8692.8752 | C126: =VLOOKUP(A126,'Calculation Sheet '!$A:$L,12,0) -> 6.2508969 | D126: =D125+0.5 -> 152 | E126: =VLOOKUP(D126,'Calculation Sheet '!$A:$L,11,0) -> 9373.707 | F126: =VLOOKUP(D126,'Calculation Sheet '!$A:$L,12,0) -> 5.5825228 | G126: =G125+0.5 -> 163.5 | H126: =VLOOKUP(G126,'Calculation Sheet '!$A:$L,11,0) -> 9962.6296 | I126: =VLOOKUP(G126,'Calculation Sheet '!$A:$L,12,0) -> 4.6444597
A127: =A126+0.5 -> 141 | B127: =VLOOKUP(A127,'Calculation Sheet '!$A:$L,11,0) -> 8724.0059 | C127: =VLOOKUP(A127,'Calculation Sheet '!$A:$L,12,0) -> 6.2261434 | D127: =D126+0.5 -> 152.5 | E127: =VLOOKUP(D127,'Calculation Sheet '!$A:$L,11,0) -> 9401.448 | F127: =VLOOKUP(D127,'Calculation Sheet '!$A:$L,12,0) -> 5.5481957 | G127: =G126+0.5 -> 164 | H127: =VLOOKUP(G127,'Calculation Sheet '!$A:$L,11,0) -> 9985.6055 | I127: =VLOOKUP(G127,'Calculation Sheet '!$A:$L,12,0) -> 4.5951805
A128: =A127+0.5 -> 141.5 | B128: =VLOOKUP(A128,'Calculation Sheet '!$A:$L,11,0) -> 8755.011 | C128: =VLOOKUP(A128,'Calculation Sheet '!$A:$L,12,0) -> 6.2010342 | D128: =D127+0.5 -> 153 | E128: =VLOOKUP(D128,'Calculation Sheet '!$A:$L,11,0) -> 9429.0149 | F128: =VLOOKUP(D128,'Calculation Sheet '!$A:$L,12,0) -> 5.5133661 | G128: =G127+0.5 -> 164.5 | H128: =VLOOKUP(G128,'Calculation Sheet '!$A:$L,11,0) -> 10008.331 | I128: =VLOOKUP(G128,'Calculation Sheet '!$A:$L,12,0) -> 4.5450168
A129: =A128+0.5 -> 142 | B129: =VLOOKUP(A129,'Calculation Sheet '!$A:$L,11,0) -> 8785.8889 | C129: =VLOOKUP(A129,'Calculation Sheet '!$A:$L,12,0) -> 6.1755652 | D129: =D128+0.5 -> 153.5 | E129: =VLOOKUP(D129,'Calculation Sheet '!$A:$L,11,0) -> 9456.405 | F129: =VLOOKUP(D129,'Calculation Sheet '!$A:$L,12,0) -> 5.4780245 | G129: =G128+0.5 -> 165 | H129: =VLOOKUP(G129,'Calculation Sheet '!$A:$L,11,0) -> 10030.8 | I129: =VLOOKUP(G129,'Calculation Sheet '!$A:$L,12,0) -> 4.4939389
A130: =A129+0.5 -> 142.5 | B130: =VLOOKUP(A130,'Calculation Sheet '!$A:$L,11,0) -> 8816.6375 | C130: =VLOOKUP(A130,'Calculation Sheet '!$A:$L,12,0) -> 6.1497319 | D130: =D129+0.5 -> 154 | E130: =VLOOKUP(D130,'Calculation Sheet '!$A:$L,11,0) -> 9483.6158 | F130: =VLOOKUP(D130,'Calculation Sheet '!$A:$L,12,0) -> 5.4421608 | G130: =G129+0.5 -> 165.5 | H130: =VLOOKUP(G130,'Calculation Sheet '!$A:$L,11,0) -> 10053.01 | I130: =VLOOKUP(G130,'Calculation Sheet '!$A:$L,12,0) -> 4.4419153
A131: =A130+0.5 -> 143 | B131: =VLOOKUP(A131,'Calculation Sheet '!$A:$L,11,0) -> 8847.2552 | C131: =VLOOKUP(A131,'Calculation Sheet '!$A:$L,12,0) -> 6.1235296 | D131: =D130+0.5 -> 154.5 | E131: =VLOOKUP(D131,'Calculation Sheet '!$A:$L,11,0) -> 9510.6446 | F131: =VLOOKUP(D131,'Calculation Sheet '!$A:$L,12,0) -> 5.4057648 | G131: =G130+0.5 -> 166 | H131: =VLOOKUP(G131,'Calculation Sheet '!$A:$L,11,0) -> 10074.954 | I131: =VLOOKUP(G131,'Calculation Sheet '!$A:$L,12,0) -> 4.3889124
A132: =A131+0.5 -> 143.5 | B132: =VLOOKUP(A132,'Calculation Sheet '!$A:$L,11,0) -> 8877.7399 | C132: =VLOOKUP(A132,'Calculation Sheet '!$A:$L,12,0) -> 6.0969536 | D132: =D131+0.5 -> 155 | E132: =VLOOKUP(D132,'Calculation Sheet '!$A:$L,11,0) -> 9537.4887 | F132: =VLOOKUP(D132,'Calculation Sheet '!$A:$L,12,0) -> 5.3688255 | G132: =G131+0.5 -> 166.5 | H132: =VLOOKUP(G132,'Calculation Sheet '!$A:$L,11,0) -> 10096.629 | I132: =VLOOKUP(G132,'Calculation Sheet '!$A:$L,12,0) -> 4.3348942
A133: =A132+0.5 -> 144 | B133: =VLOOKUP(A133,'Calculation Sheet '!$A:$L,11,0) -> 8908.0899 | C133: =VLOOKUP(A133,'Calculation Sheet '!$A:$L,12,0) -> 6.069999 | D133: =D132+0.5 -> 155.5 | E133: =VLOOKUP(D133,'Calculation Sheet '!$A:$L,11,0) -> 9564.1454 | F133: =VLOOKUP(D133,'Calculation Sheet '!$A:$L,12,0) -> 5.3313316 | G133: =G132+0.5 -> 167 | H133: =VLOOKUP(G133,'Calculation Sheet '!$A:$L,11,0) -> 10118.028 | I133: =VLOOKUP(G133,'Calculation Sheet '!$A:$L,12,0) -> 4.2798223
A134: =A133+0.5 -> 144.5 | B134: =VLOOKUP(A134,'Calculation Sheet '!$A:$L,11,0) -> 8938.3032 | C134: =VLOOKUP(A134,'Calculation Sheet '!$A:$L,12,0) -> 6.0426606 | D134: =D133+0.5 -> 156 | E134: =VLOOKUP(D134,'Calculation Sheet '!$A:$L,11,0) -> 9590.6117 | F134: =VLOOKUP(D134,'Calculation Sheet '!$A:$L,12,0) -> 5.2932715 | G134: =G133+0.5 -> 167.5 | H134: =VLOOKUP(G134,'Calculation Sheet '!$A:$L,11,0) -> 10139.146 | I134: =VLOOKUP(G134,'Calculation Sheet '!$A:$L,12,0) -> 4.2236554
... A145: =A144+0.5 -> 150 | B145: =VLOOKUP(A145,'Calculation Sheet '!$A:$L,11,0) -> 9261.0512 | C145: =VLOOKUP(A145,'Calculation Sheet '!$A:$L,12,0) -> 5.7149856 | D145: =D144+0.5 -> 161.5 | E145: =VLOOKUP(D145,'Calculation Sheet '!$A:$L,11,0) -> 9868.3043 | F145: =VLOOKUP(D145,'Calculation Sheet '!$A:$L,12,0) -> 4.833265 | G145: =G144+0.5 -> 173 | H145: =VLOOKUP(G145,'Calculation Sheet '!$A:$L,11,0) -> 10351.084 | I145: =VLOOKUP(G145,'Calculation Sheet '!$A:$L,12,0) -> 3.5178559
A146: BHARAT PETROLEUM CORPORATION LIMITED
A147: CALIBRATION CHART FOR U/G STANDARD STEEL TANKS
A148: CAPACITY : | F148: ='SO Helper Main'!$C$5 -> 10KL(1.84D)
A149: =CONCATENATE("Inside Length : ",'SO Helper Main'!$M$3," M and Diameter ",'SO Helper Main'!$M$4," M") -> Inside Length : 3.99 M and Diameter 1.84 M
A150: DIP READING IN CM. | B150: PRODUCT VOL. IN LITRES | C150: VOLUME INCREAMENT / mm. IN LITRES. | D150: DIP READING IN CM. | E150: PRODUCT VOL. IN LITRES | F150: VOLUME INCREAMENT / mm. IN LITRES. | G150: DIP READING IN CM. | H150: PRODUCT VOL. IN LITRES | I150: VOLUME INCREAMENT / mm. IN LITRES.
...
